问题,选项A,选项B,选项C,分类,提示
如果没牙膏了，你会选择？,挤牙膏管,卷牙膏管,,日常,
闹钟响了但还很困，你会？,再睡五分钟,立刻起床,,日常,
吃泡面时，你会先放？,调味粉,脱水蔬菜,,日常,
洗澡时突然停水，你会？,擦干走出浴室,等水恢复再说,,日常,
外送到了，你通常会？,马上开吃,先拍照再吃,,日常,
看到一排电梯，你会按？,左边那台,右边那台,,日常,
冰箱只剩一颗蛋和白饭，你会？,做蛋炒饭,叫外送,,日常,
下雨天出门，你会带？,雨伞,雨衣,,日常,
看到消息「在吗」，你会？,立刻回覆,假装没看到,,日常,
排队结帐时，你会站？,人少但慢的队伍,人多但看起来快的队伍,,日常,
珍珠奶茶的珍珠，你会？,一口吸光,慢慢咀嚼,,美食,
薯条沾酱，你偏好？,番茄酱,蜂蜜芥末,,美食,
吃火锅最后一口，你会留给？,肉片,青菜,,美食,
早餐只能选一样，你会？,蛋饼,三明治,,美食,
咖啡加糖，你会加？,一匙糖,完全不加,,美食,
吃汉堡时，你会先吃？,面包边,中间馅料,,美食,
珍珠奶茶喝完后，你会？,把冰块也咬掉,留下冰块,,美食,
披萨最重要的是？,起司多,配料多,,美食,
你会把可乐倒进？,玻璃杯,直接对瓶喝,,美食,
吃鸡翅时，你会先？,吃外皮,啃骨头旁的肉,,美食,
看电影时，你偏好？,坐第一排附近,坐最后一排附近,,娱乐,
唱 KTV 的第一首歌，你会选？,拿手歌,大家都会唱的歌,,娱乐,
追剧时遇到片尾，你会？,立刻按下一集,先休息一下,,娱乐,
游戏开局前，你会先？,研究规则,直接玩再说,,娱乐,
你比较常重看？,喜剧,动作片,,娱乐,
周末晚上，你会选？,出门聚会,在家耍废,,娱乐,
手机游戏抽卡前，你会？,先存很多抽,有一抽就试,,娱乐,
演唱会中场，你会？,补水休息,继续站在原地,,娱乐,
看恐怖片时，你会？,摀住眼睛,盯着荧幕看,,娱乐,
桌游输了之后，你会？,马上再来一局,换一款游戏,,娱乐,
你收到一份神秘礼物，会？,立刻拆开,先猜里面是什么,,个性,
朋友迟到时，你会？,传消息催他,安静等候,,个性,
做决定时，你比较依靠？,直觉,分析,,个性,
旅行行李，你会？,提早整理,最后一晚才整理,,个性,
看到尴尬场面，你会？,出声解围,假装没发生,,个性,
你更怕哪种状况？,冷场,迷路,,个性,
开会时，你通常？,主动发言,先听大家说,,个性,
朋友邀请你临时出门，你会？,爽快答应,看心情再回,,个性,
你喜欢收到？,实用的礼物,有纪念性的礼物,,个性,
遇到问题时，你会先？,自己想办法,找人讨论,,个性,
到新城市第一天，你会？,逛景点,找在地美食,,旅行,
旅行住宿，你偏好？,饭店,民宿,,旅行,
搭长途交通工具，你会？,看窗外风景,戴耳机睡觉,,旅行,
旅行中迷路时，你会？,打开地图,问路人,,旅行,
海边和山上，你选？,海边,山上,,旅行,
拍照时你会？,拍风景,拍自己,,旅行,
旅程结束前，你会买？,伴手礼,什么都不买,,旅行,
坐飞机时，你选？,靠窗座位,靠走道座位,,旅行,
旅行计划，你会排？,满满行程,留很多空白,,旅行,
报告截止日，你会？,提早完成,最后冲刺,,职场校园,
办公桌上最常出现？,咖啡杯,零食袋,,职场校园,
午休时，你会？,睡午觉,滑手机,,职场校园,
做笔记时，你偏好？,纸本,平板,,职场校园,
上课点名时，你会？,大声回答,举手示意,,职场校园,
团队合作中，你更像？,统筹的人,执行的人,,职场校园,
下班后看到工作消息，你会？,先回覆,明天再回,,职场校园,
简报字体，你会用？,大字少内容,小字多内容,,职场校园,
考试前一天，你会？,读到深夜,早点睡觉,,职场校园,
会议中有人离题，你会？,拉回主题,让他继续说,,职场校园,
如果能瞬间学会一项技能，你选？,弹奏所有乐器,说所有语言,,脑洞,
如果中奖一百万，你会先？,存起来,立刻旅行,,脑洞,
如果能回到过去，你会？,改变一个决定,只看看当时的自己,,脑洞,
如果房间只能留一件家具，你留？,床,书桌,,脑洞,
如果宠物会说话，你最想问？,你在想什么,你最喜欢什么,,脑洞,
如果今天不用工作，你会？,睡一整天,安排一场冒险,,脑洞,
如果只能选一个超能力，你要？,隐形,飞行,,脑洞,
如果能和一位名人吃饭，你选？,喜欢的演员,厉害的科学家,,脑洞,
如果明天世界只剩一种颜色，你选？,绿色,橘色,,脑洞,
如果要搬去另一个时代，你选？,复古年代,未来世界,,脑洞,
最适合周末早晨的饮料是？,咖啡,奶茶,果汁,日常,
手机只剩 1% 电，你会先？,找充电器,传最后一则消息,直接关机,日常,
你最常把东西放在哪里后找不到？,桌上,包包里,冰箱旁,日常,
下雨天最适合做什么？,看电影,睡觉,吃火锅,日常,
出门前最后会检查什么？,手机,钥匙,钱包,日常,
你一天中最期待哪个时段？,早上,下午,晚上,日常,
家里最容易堆满的是？,衣服,纸袋,外送餐具,日常,
洗衣服时最怕遇到？,袜子失踪,衣服染色,忘记晾,日常,
你最常用哪种方式记住事情？,手机提醒,写在纸上,靠自己记,日常,
房间最需要增加的是？,收纳空间,采光,插座,日常,
最强的宵夜组合是？,盐酥鸡,泡面,烧烤,美食,
便当里最不能少的是？,卤蛋,青菜,香肠,美食,
你会把哪一种食物留到最后吃？,肉,甜点,喜欢的配菜,美食,
早餐店最常点什么？,铁板面,汉堡,萝卜糕,美食,
火锅汤底你会选？,麻辣,番茄,昆布,美食,
你最想戒掉的饮料是？,汽水,手摇饮,能量饮,美食,
吃面时你最在意？,面条口感,汤头,配料份量,美食,
生日蛋糕口味你选？,巧克力,草莓,芋头,美食,
最适合配电影的零食是？,爆米花,洋芋片,软糖,美食,
你最不能接受的披萨配料是？,凤梨,玉米,青椒,美食,
聚会最容易出现的角色是？,迟到王,气氛王,拍照王,娱乐,
最适合一起看的片型是？,喜剧,悬疑,爱情,娱乐,
桌游中最让人崩溃的是？,抽不到牌,被队友背叛,规则太复杂,娱乐,
KTV 必点歌曲通常是？,情歌,摇滚歌,经典老歌,娱乐,
你看比赛时最常做什么？,大声加油,分析战术,安静看完,娱乐,
最想现场看的活动是？,音乐祭,球赛,电玩展,娱乐,
你最常在哪里滑手机？,床上,厕所,通勤路上,娱乐,
朋友家最可能出现什么？,投影机,牌桌,巨大音响,娱乐,
你最想解锁哪个成就？,环游世界,学会乐器,完成马拉松,娱乐,
看直播时你会？,留言互动,默默观看,中途离开,娱乐,
朋友最常用哪个词形容你？,可靠,好笑,龟毛,个性,
你生气时最需要？,独处,被安慰,吃东西,个性,
你最容易对什么心软？,流浪动物,朋友拜托,限时优惠,个性,
你做事的节奏比较像？,快狠准,慢慢来,看灵感,个性,
你最想改善的习惯是？,晚睡,拖延,乱花钱,个性,
你遇到陌生人会先？,主动聊天,微笑点头,保持距离,个性,
你最常为哪件事纠结？,吃什么,穿什么,要不要出门,个性,
你理想中的休假是？,完全放空,排满活动,陪家人朋友,个性,
你最怕哪种电话？,未知来电,主管来电,外送员来电,个性,
你最容易被哪种人说服？,讲道理的人,很有自信的人,熟悉的朋友,个性,
旅途中最重要的是？,美食,风景,同行的人,旅行,
你最想去的旅行地形是？,海岛,古城,大城市,旅行,
行程临时取消，你会？,重新安排,就地休息,直接回家,旅行,
旅行最怕忘记带什么？,充电器,证件,换洗衣物,旅行,
你会选哪种伴手礼？,零食,生活小物,纪念磁铁,旅行,
在机场你通常会？,逛免税店,找登机口,先吃东西,旅行,
你最想和谁一起旅行？,最好的朋友,家人,自己一个人,旅行,
旅馆房间你最在意？,床舒服,浴室干净,窗外景色,旅行,
你会把旅行照片放在哪里？,社交平台,私人相册,不整理,旅行,
旅行中你最想体验？,在地市场,户外活动,夜生活,旅行,
最有效率的工作时段是？,早上,下午,深夜,职场校园,
你最常用哪种待办清单？,纸本笔记,手机 App,脑内记忆,职场校园,
同事生日你会送？,蛋糕,饮料,小礼物,职场校园,
上台前你最怕？,忘词,冷场,设备故障,职场校园,
最想取消哪一种会议？,早会,长会议,没有议程的会议,职场校园,
你的办公桌最需要？,更大荧幕,更舒服的椅子,更好的灯,职场校园,
作业最常拖到什么时候？,前一天,截止前一晚,真的忘记,职场校园,
团队最需要哪种人？,点子王,细节控,救火队长,职场校园,
你最想学会哪种软体？,剪辑工具,设计工具,资料分析工具,职场校园,
下课钟响后你会？,马上离开,留下聊天,继续完成事情,职场校园,
如果有一扇任意门，你先去哪里？,月球,童年家乡,梦想城市,脑洞,
你想住进哪种电影世界？,魔法世界,科幻世界,武侠世界,脑洞,
如果能养一只神兽，你选？,龙,凤凰,独角兽,脑洞,
你想拥有哪种房子？,树屋,海边小屋,城市高楼,脑洞,
如果明天开始隐形，你会先？,恶作剧,帮助别人,好好睡觉,脑洞,
你想把哪种东西变大？,钱包,冰箱,房间,脑洞,
如果时间可以暂停，你会？,补眠,旅行,完成所有工作,脑洞,
你想发明哪种日常工具？,自动整理机,瞬间煮饭机,不会迟到的闹钟,脑洞,
如果能改变天气，你选？,永远晴天,每天有微风,只在夜晚下雨,脑洞,
你想和哪种角色当邻居？,超级英雄,侦探,厨师,脑洞,
如果今天不用上班，我会先去 ______。,,,,脑洞,填入一个地点或活动
我最常对自己说的一句话是：「______」。,,,,脑洞,可以是口头禅
朋友迟到时，我心里想的是 ______。,,,,脑洞,写下第一个浮现的念头
我房间里最值得留下的东西是 ______。,,,,脑洞,物品、回忆或一个角落都可以
我吃火锅时一定会点 ______。,,,,脑洞,填一种食材或饮料
最能代表我的颜色是 ______。,,,,脑洞,颜色名称即可
如果要开一家店，我会卖 ______。,,,,脑洞,想象一个你会逛的店
我最不想在旅行中遇到 ______。,,,,脑洞,一件倒楣的事
我的超能力会是 ______。,,,,脑洞,越具体越好玩
我最想和 ______ 一起吃饭。,,,,脑洞,可以是真实人物或虚构角色
在荒岛上，我一定要带 ______。,,,,脑洞,只能填一样东西
我最常把 ______ 忘在家里。,,,,脑洞,生活中的小物
让我立刻开心的事情是 ______。,,,,脑洞,一句话或一个动作
我最想删掉的手机 App 是 ______。,,,,脑洞,不一定真的会删
我会把最后一口 ______ 留给自己。,,,,脑洞,一种食物
我最常在 ______ 的时候突然有灵感。,,,,脑洞,一个场景
我希望世界上多一个 ______ 的假日。,,,,脑洞,可以是荒谬的主题
最适合我的座右铭是 ______。,,,,脑洞,八个字以内更有力
我最想学会的料理是 ______。,,,,脑洞,一道菜就好
如果明天放假，我会穿着 ______ 出门。,,,,脑洞,填一件衣物
我认为最浪漫的约会地点是 ______。,,,,脑洞,地点或场景
我最害怕看到 ______ 出现在已读消息旁。,,,,脑洞,一个符号或状态
我在聚会中最常负责 ______。,,,,脑洞,一个角色
我最想把家里的 ______ 换成新的。,,,,脑洞,一件家具或家电
如果可以重来，我会重看 ______。,,,,脑洞,一部作品或一段回忆
我觉得最被低估的食物是 ______。,,,,脑洞,写出你的冷门爱好
我最常用 ______ 来逃避工作。,,,,脑洞,一件小事
我会为了 ______ 愿意早起。,,,,脑洞,值得早起的事
我最想收到的惊喜是 ______。,,,,脑洞,礼物、行程或一句话
我人生的背景音乐会是 ______。,,,,脑洞,歌名、曲风或声音
我最想在 ______ 的地方醒来。,,,,脑洞,一个风景
我觉得 ______ 比金钱更珍贵。,,,,脑洞,一种价值
我的手机相册里最多的是 ______。,,,,脑洞,一种照片
我最想和朋友一起完成 ______。,,,,脑洞,一个挑战或计划
我最常在 ______ 的时候说「算了」。,,,,脑洞,一种情境
我心中的完美下午茶是 ______。,,,,脑洞,一种组合
如果要养第二只宠物，我会选 ______。,,,,脑洞,动物名称
我最想把哪个技能教给所有人？______。,,,,脑洞,一种生活技能
我会把第一笔奖金花在 ______。,,,,脑洞,一个具体用途
我最喜欢的下雨声像 ______。,,,,脑洞,一个比喻
我最想收藏一整套 ______。,,,,脑洞,物品或作品
我希望别人记得我的 ______。,,,,脑洞,一个优点或特色
我最常在 ______ 里迷路。,,,,脑洞,真实或想象的地方
如果只能保留一个社交，我会留 ______。,,,,脑洞,平台或聊天群组
我最想把 ______ 变成一门课。,,,,脑洞,任何主题都行
我觉得最像我的天气是 ______。,,,,脑洞,晴天、雷雨或更特别的答案
我会为了看 ______ 而排队一小时。,,,,脑洞,一个值得等待的事物
我最想对十年前的自己说 ______。,,,,脑洞,一句话
我最喜欢的房间角落是 ______。,,,,脑洞,一个位置
我认为最疗愈的声音是 ______。,,,,脑洞,生活中的声音
我最想和大家一起庆祝 ______。,,,,脑洞,一个节日或成就
我的理想早餐桌上一定有 ______。,,,,脑洞,食物或饮料
我最常把「等等再做」用在 ______。,,,,脑洞,一件拖延中的事
如果我是一本书，书名会是《______》。,,,,脑洞,替自己取一个书名
我最想在 ______ 的季节旅行。,,,,脑洞,春夏秋冬或自创季节
我最容易被 ______ 打动。,,,,脑洞,一种举动或一句话
我会把今天的心情画成 ______。,,,,脑洞,一个形状、物件或景色
我最想在房间放一面 ______ 墙。,,,,脑洞,照片、书或其他收藏
我觉得大人最需要的玩具是 ______。,,,,脑洞,一个让人放松的东西
我会为了 ______ 改变一天的行程。,,,,脑洞,一件值得破例的事
我希望下次聚会可以多一个 ______。,,,,脑洞,食物、活动或角色
如果只能在哆啦A梦和蜡笔小新中选一位当室友，你会选谁？,哆啦A梦,蜡笔小新,,动漫,
如果今晚只能请哆啦A梦或蜡笔小新吃宵夜，你会请谁？,哆啦A梦,蜡笔小新,,动漫,
如果要组队闯关，你会选择哆啦A梦还是蜡笔小新？,哆啦A梦,蜡笔小新,,动漫,
如果让哆啦A梦或蜡笔小新当一天导游，你会选谁？,哆啦A梦,蜡笔小新,,动漫,
如果只能在孙悟空和漩涡鸣人中选一位当室友，你会选谁？,孙悟空,漩涡鸣人,,动漫,
如果今晚只能请孙悟空或漩涡鸣人吃宵夜，你会请谁？,孙悟空,漩涡鸣人,,动漫,
如果要组队闯关，你会选择孙悟空还是漩涡鸣人？,孙悟空,漩涡鸣人,,动漫,
如果让孙悟空或漩涡鸣人当一天导游，你会选谁？,孙悟空,漩涡鸣人,,动漫,
如果只能在炭治郎和五条悟中选一位当室友，你会选谁？,炭治郎,五条悟,,动漫,
如果今晚只能请炭治郎或五条悟吃宵夜，你会请谁？,炭治郎,五条悟,,动漫,
如果要组队闯关，你会选择炭治郎还是五条悟？,炭治郎,五条悟,,动漫,
如果让炭治郎或五条悟当一天导游，你会选谁？,炭治郎,五条悟,,动漫,
如果只能在柯南和怪盗基德中选一位当室友，你会选谁？,柯南,怪盗基德,,动漫,
如果今晚只能请柯南或怪盗基德吃宵夜，你会请谁？,柯南,怪盗基德,,动漫,
如果要组队闯关，你会选择柯南还是怪盗基德？,柯南,怪盗基德,,动漫,
如果让柯南或怪盗基德当一天导游，你会选谁？,柯南,怪盗基德,,动漫,
如果只能在小智和路卡利欧中选一位当室友，你会选谁？,小智,路卡利欧,,动漫,
如果今晚只能请小智或路卡利欧吃宵夜，你会请谁？,小智,路卡利欧,,动漫,
如果要组队闯关，你会选择小智还是路卡利欧？,小智,路卡利欧,,动漫,
如果让小智或路卡利欧当一天导游，你会选谁？,小智,路卡利欧,,动漫,
如果只能在路飞和索隆中选一位当室友，你会选谁？,路飞,索隆,,动漫,
如果今晚只能请路飞或索隆吃宵夜，你会请谁？,路飞,索隆,,动漫,
如果要组队闯关，你会选择路飞还是索隆？,路飞,索隆,,动漫,
如果让路飞或索隆当一天导游，你会选谁？,路飞,索隆,,动漫,
如果只能在阿拉蕾和樱桃小丸子中选一位当室友，你会选谁？,阿拉蕾,樱桃小丸子,,动漫,
如果今晚只能请阿拉蕾或樱桃小丸子吃宵夜，你会请谁？,阿拉蕾,樱桃小丸子,,动漫,
如果要组队闯关，你会选择阿拉蕾还是樱桃小丸子？,阿拉蕾,樱桃小丸子,,动漫,
如果让阿拉蕾或樱桃小丸子当一天导游，你会选谁？,阿拉蕾,樱桃小丸子,,动漫,
如果只能在小丸子和花轮同学中选一位当室友，你会选谁？,小丸子,花轮同学,,动漫,
如果今晚只能请小丸子或花轮同学吃宵夜，你会请谁？,小丸子,花轮同学,,动漫,
如果要组队闯关，你会选择小丸子还是花轮同学？,小丸子,花轮同学,,动漫,
如果让小丸子或花轮同学当一天导游，你会选谁？,小丸子,花轮同学,,动漫,
如果只能在神乐和银时中选一位当室友，你会选谁？,神乐,银时,,动漫,
如果今晚只能请神乐或银时吃宵夜，你会请谁？,神乐,银时,,动漫,
如果要组队闯关，你会选择神乐还是银时？,神乐,银时,,动漫,
如果让神乐或银时当一天导游，你会选谁？,神乐,银时,,动漫,
如果只能在千寻和无脸男中选一位当室友，你会选谁？,千寻,无脸男,,动漫,
如果今晚只能请千寻或无脸男吃宵夜，你会请谁？,千寻,无脸男,,动漫,
如果要组队闯关，你会选择千寻还是无脸男？,千寻,无脸男,,动漫,
如果让千寻或无脸男当一天导游，你会选谁？,千寻,无脸男,,动漫,
如果只能在哈尔和苏菲中选一位当室友，你会选谁？,哈尔,苏菲,,动漫,
如果今晚只能请哈尔或苏菲吃宵夜，你会请谁？,哈尔,苏菲,,动漫,
如果要组队闯关，你会选择哈尔还是苏菲？,哈尔,苏菲,,动漫,
如果让哈尔或苏菲当一天导游，你会选谁？,哈尔,苏菲,,动漫,
如果只能在白雪公主和小美人鱼中选一位当室友，你会选谁？,白雪公主,小美人鱼,,动漫,
如果今晚只能请白雪公主或小美人鱼吃宵夜，你会请谁？,白雪公主,小美人鱼,,动漫,
如果要组队闯关，你会选择白雪公主还是小美人鱼？,白雪公主,小美人鱼,,动漫,
如果让白雪公主或小美人鱼当一天导游，你会选谁？,白雪公主,小美人鱼,,动漫,
如果只能在蜘蛛人和蝙蝠侠中选一位当室友，你会选谁？,蜘蛛人,蝙蝠侠,,动漫,
如果今晚只能请蜘蛛人或蝙蝠侠吃宵夜，你会请谁？,蜘蛛人,蝙蝠侠,,动漫,
如果要组队闯关，你会选择蜘蛛人还是蝙蝠侠？,蜘蛛人,蝙蝠侠,,动漫,
如果让蜘蛛人或蝙蝠侠当一天导游，你会选谁？,蜘蛛人,蝙蝠侠,,动漫,
如果只能在钢铁人和美国队长中选一位当室友，你会选谁？,钢铁人,美国队长,,动漫,
如果今晚只能请钢铁人或美国队长吃宵夜，你会请谁？,钢铁人,美国队长,,动漫,
如果要组队闯关，你会选择钢铁人还是美国队长？,钢铁人,美国队长,,动漫,
如果让钢铁人或美国队长当一天导游，你会选谁？,钢铁人,美国队长,,动漫,
如果只能在超人和神力女超人中选一位当室友，你会选谁？,超人,神力女超人,,动漫,
如果今晚只能请超人或神力女超人吃宵夜，你会请谁？,超人,神力女超人,,动漫,
如果要组队闯关，你会选择超人还是神力女超人？,超人,神力女超人,,动漫,
如果让超人或神力女超人当一天导游，你会选谁？,超人,神力女超人,,动漫,
如果只能和哈利波特或妙丽一起旅行，你会选谁？,哈利波特,妙丽,,电影,
如果只能邀请哈利波特或妙丽来家里吃饭，你会选谁？,哈利波特,妙丽,,电影,
如果哈利波特和妙丽都愿意借你一件道具，你会找谁？,哈利波特,妙丽,,电影,
如果要合开一间店，你会选择哈利波特还是妙丽？,哈利波特,妙丽,,电影,
如果只能和达斯·维达或尤达大师一起旅行，你会选谁？,达斯·维达,尤达大师,,电影,
如果只能邀请达斯·维达或尤达大师来家里吃饭，你会选谁？,达斯·维达,尤达大师,,电影,
如果达斯·维达和尤达大师都愿意借你一件道具，你会找谁？,达斯·维达,尤达大师,,电影,
如果要合开一间店，你会选择达斯·维达还是尤达大师？,达斯·维达,尤达大师,,电影,
如果只能和艾莎或安娜一起旅行，你会选谁？,艾莎,安娜,,电影,
如果只能邀请艾莎或安娜来家里吃饭，你会选谁？,艾莎,安娜,,电影,
如果艾莎和安娜都愿意借你一件道具，你会找谁？,艾莎,安娜,,电影,
如果要合开一间店，你会选择艾莎还是安娜？,艾莎,安娜,,电影,
如果只能和巴斯光年或胡迪一起旅行，你会选谁？,巴斯光年,胡迪,,电影,
如果只能邀请巴斯光年或胡迪来家里吃饭，你会选谁？,巴斯光年,胡迪,,电影,
如果巴斯光年和胡迪都愿意借你一件道具，你会找谁？,巴斯光年,胡迪,,电影,
如果要合开一间店，你会选择巴斯光年还是胡迪？,巴斯光年,胡迪,,电影,
如果只能和瓦力或伊芙一起旅行，你会选谁？,瓦力,伊芙,,电影,
如果只能邀请瓦力或伊芙来家里吃饭，你会选谁？,瓦力,伊芙,,电影,
如果瓦力和伊芙都愿意借你一件道具，你会找谁？,瓦力,伊芙,,电影,
如果要合开一间店，你会选择瓦力还是伊芙？,瓦力,伊芙,,电影,
如果只能和蝙蝠侠或小丑一起旅行，你会选谁？,蝙蝠侠,小丑,,电影,
如果只能邀请蝙蝠侠或小丑来家里吃饭，你会选谁？,蝙蝠侠,小丑,,电影,
如果蝙蝠侠和小丑都愿意借你一件道具，你会找谁？,蝙蝠侠,小丑,,电影,
如果要合开一间店，你会选择蝙蝠侠还是小丑？,蝙蝠侠,小丑,,电影,
如果只能和Neo或Trinity一起旅行，你会选谁？,Neo,Trinity,,电影,
如果只能邀请Neo或Trinity来家里吃饭，你会选谁？,Neo,Trinity,,电影,
如果Neo和Trinity都愿意借你一件道具，你会找谁？,Neo,Trinity,,电影,
如果要合开一间店，你会选择Neo还是Trinity？,Neo,Trinity,,电影,
如果只能和杰克·史派罗或伊莉莎白一起旅行，你会选谁？,杰克·史派罗,伊莉莎白,,电影,
如果只能邀请杰克·史派罗或伊莉莎白来家里吃饭，你会选谁？,杰克·史派罗,伊莉莎白,,电影,
如果杰克·史派罗和伊莉莎白都愿意借你一件道具，你会找谁？,杰克·史派罗,伊莉莎白,,电影,
如果要合开一间店，你会选择杰克·史派罗还是伊莉莎白？,杰克·史派罗,伊莉莎白,,电影,
如果只能和木法沙或辛巴一起旅行，你会选谁？,木法沙,辛巴,,电影,
如果只能邀请木法沙或辛巴来家里吃饭，你会选谁？,木法沙,辛巴,,电影,
如果木法沙和辛巴都愿意借你一件道具，你会找谁？,木法沙,辛巴,,电影,
如果要合开一间店，你会选择木法沙还是辛巴？,木法沙,辛巴,,电影,
如果只能和神鬼奇航的船长或星际大战的船长一起旅行，你会选谁？,神鬼奇航的船长,星际大战的船长,,电影,
如果只能邀请神鬼奇航的船长或星际大战的船长来家里吃饭，你会选谁？,神鬼奇航的船长,星际大战的船长,,电影,
如果神鬼奇航的船长和星际大战的船长都愿意借你一件道具，你会找谁？,神鬼奇航的船长,星际大战的船长,,电影,
如果要合开一间店，你会选择神鬼奇航的船长还是星际大战的船长？,神鬼奇航的船长,星际大战的船长,,电影,
如果只能和福尔摩斯或妙丽一起旅行，你会选谁？,福尔摩斯,妙丽,,电影,
如果只能邀请福尔摩斯或妙丽来家里吃饭，你会选谁？,福尔摩斯,妙丽,,电影,
如果福尔摩斯和妙丽都愿意借你一件道具，你会找谁？,福尔摩斯,妙丽,,电影,
如果要合开一间店，你会选择福尔摩斯还是妙丽？,福尔摩斯,妙丽,,电影,
如果只能和甘道夫或邓不利多一起旅行，你会选谁？,甘道夫,邓不利多,,电影,
如果只能邀请甘道夫或邓不利多来家里吃饭，你会选谁？,甘道夫,邓不利多,,电影,
如果甘道夫和邓不利多都愿意借你一件道具，你会找谁？,甘道夫,邓不利多,,电影,
如果要合开一间店，你会选择甘道夫还是邓不利多？,甘道夫,邓不利多,,电影,
如果只能和蜘蛛人或死侍一起旅行，你会选谁？,蜘蛛人,死侍,,电影,
如果只能邀请蜘蛛人或死侍来家里吃饭，你会选谁？,蜘蛛人,死侍,,电影,
如果蜘蛛人和死侍都愿意借你一件道具，你会找谁？,蜘蛛人,死侍,,电影,
如果要合开一间店，你会选择蜘蛛人还是死侍？,蜘蛛人,死侍,,电影,
如果只能和钢铁人或雷神索尔一起旅行，你会选谁？,钢铁人,雷神索尔,,电影,
如果只能邀请钢铁人或雷神索尔来家里吃饭，你会选谁？,钢铁人,雷神索尔,,电影,
如果钢铁人和雷神索尔都愿意借你一件道具，你会找谁？,钢铁人,雷神索尔,,电影,
如果要合开一间店，你会选择钢铁人还是雷神索尔？,钢铁人,雷神索尔,,电影,
如果只能和小丑或谜语人一起旅行，你会选谁？,小丑,谜语人,,电影,
如果只能邀请小丑或谜语人来家里吃饭，你会选谁？,小丑,谜语人,,电影,
如果小丑和谜语人都愿意借你一件道具，你会找谁？,小丑,谜语人,,电影,
如果要合开一间店，你会选择小丑还是谜语人？,小丑,谜语人,,电影,
哆啦A梦、皮卡丘和龙猫中，谁最适合当你的旅行伙伴？,哆啦A梦,皮卡丘,龙猫,动漫,
哆啦A梦、皮卡丘和龙猫中，谁最适合当派对主持人？,哆啦A梦,皮卡丘,龙猫,动漫,
哆啦A梦、皮卡丘和龙猫中，谁最可能成为你的好朋友？,哆啦A梦,皮卡丘,龙猫,动漫,
星期一必须有人陪，你会在哆啦A梦、皮卡丘和龙猫中选谁？,哆啦A梦,皮卡丘,龙猫,动漫,
哆啦A梦、皮卡丘和龙猫中，谁最适合当你的超强队友？,哆啦A梦,皮卡丘,龙猫,动漫,
孙悟空、路飞和漩涡鸣人中，谁最适合当你的旅行伙伴？,孙悟空,路飞,漩涡鸣人,动漫,
孙悟空、路飞和漩涡鸣人中，谁最适合当派对主持人？,孙悟空,路飞,漩涡鸣人,动漫,
孙悟空、路飞和漩涡鸣人中，谁最可能成为你的好朋友？,孙悟空,路飞,漩涡鸣人,动漫,
星期一必须有人陪，你会在孙悟空、路飞和漩涡鸣人中选谁？,孙悟空,路飞,漩涡鸣人,动漫,
孙悟空、路飞和漩涡鸣人中，谁最适合当你的超强队友？,孙悟空,路飞,漩涡鸣人,动漫,
柯南、怪盗基德和鲁邦三世中，谁最适合当你的旅行伙伴？,柯南,怪盗基德,鲁邦三世,动漫,
柯南、怪盗基德和鲁邦三世中，谁最适合当派对主持人？,柯南,怪盗基德,鲁邦三世,动漫,
柯南、怪盗基德和鲁邦三世中，谁最可能成为你的好朋友？,柯南,怪盗基德,鲁邦三世,动漫,
星期一必须有人陪，你会在柯南、怪盗基德和鲁邦三世中选谁？,柯南,怪盗基德,鲁邦三世,动漫,
柯南、怪盗基德和鲁邦三世中，谁最适合当你的超强队友？,柯南,怪盗基德,鲁邦三世,动漫,
炭治郎、五条悟和祢豆子中，谁最适合当你的旅行伙伴？,炭治郎,五条悟,祢豆子,动漫,
炭治郎、五条悟和祢豆子中，谁最适合当派对主持人？,炭治郎,五条悟,祢豆子,动漫,
炭治郎、五条悟和祢豆子中，谁最可能成为你的好朋友？,炭治郎,五条悟,祢豆子,动漫,
星期一必须有人陪，你会在炭治郎、五条悟和祢豆子中选谁？,炭治郎,五条悟,祢豆子,动漫,
炭治郎、五条悟和祢豆子中，谁最适合当你的超强队友？,炭治郎,五条悟,祢豆子,动漫,
小智、小新和小丸子中，谁最适合当你的旅行伙伴？,小智,小新,小丸子,动漫,
小智、小新和小丸子中，谁最适合当派对主持人？,小智,小新,小丸子,动漫,
小智、小新和小丸子中，谁最可能成为你的好朋友？,小智,小新,小丸子,动漫,
星期一必须有人陪，你会在小智、小新和小丸子中选谁？,小智,小新,小丸子,动漫,
小智、小新和小丸子中，谁最适合当你的超强队友？,小智,小新,小丸子,动漫,
哈尔、白龙和无脸男中，谁最适合当你的旅行伙伴？,哈尔,白龙,无脸男,动漫,
哈尔、白龙和无脸男中，谁最适合当派对主持人？,哈尔,白龙,无脸男,动漫,
哈尔、白龙和无脸男中，谁最可能成为你的好朋友？,哈尔,白龙,无脸男,动漫,
星期一必须有人陪，你会在哈尔、白龙和无脸男中选谁？,哈尔,白龙,无脸男,动漫,
哈尔、白龙和无脸男中，谁最适合当你的超强队友？,哈尔,白龙,无脸男,动漫,
樱木花道、流川枫和赤木刚宪中，谁最适合当你的旅行伙伴？,樱木花道,流川枫,赤木刚宪,动漫,
樱木花道、流川枫和赤木刚宪中，谁最适合当派对主持人？,樱木花道,流川枫,赤木刚宪,动漫,
樱木花道、流川枫和赤木刚宪中，谁最可能成为你的好朋友？,樱木花道,流川枫,赤木刚宪,动漫,
星期一必须有人陪，你会在樱木花道、流川枫和赤木刚宪中选谁？,樱木花道,流川枫,赤木刚宪,动漫,
樱木花道、流川枫和赤木刚宪中，谁最适合当你的超强队友？,樱木花道,流川枫,赤木刚宪,动漫,
千寻、苏菲和琪琪中，谁最适合当你的旅行伙伴？,千寻,苏菲,琪琪,动漫,
千寻、苏菲和琪琪中，谁最适合当派对主持人？,千寻,苏菲,琪琪,动漫,
千寻、苏菲和琪琪中，谁最可能成为你的好朋友？,千寻,苏菲,琪琪,动漫,
星期一必须有人陪，你会在千寻、苏菲和琪琪中选谁？,千寻,苏菲,琪琪,动漫,
千寻、苏菲和琪琪中，谁最适合当你的超强队友？,千寻,苏菲,琪琪,动漫,
海绵宝宝、派大星和章鱼哥中，谁最适合当你的旅行伙伴？,海绵宝宝,派大星,章鱼哥,动漫,
海绵宝宝、派大星和章鱼哥中，谁最适合当派对主持人？,海绵宝宝,派大星,章鱼哥,动漫,
海绵宝宝、派大星和章鱼哥中，谁最可能成为你的好朋友？,海绵宝宝,派大星,章鱼哥,动漫,
星期一必须有人陪，你会在海绵宝宝、派大星和章鱼哥中选谁？,海绵宝宝,派大星,章鱼哥,动漫,
海绵宝宝、派大星和章鱼哥中，谁最适合当你的超强队友？,海绵宝宝,派大星,章鱼哥,动漫,
汤姆、杰利和史努比中，谁最适合当你的旅行伙伴？,汤姆,杰利,史努比,动漫,
汤姆、杰利和史努比中，谁最适合当派对主持人？,汤姆,杰利,史努比,动漫,
汤姆、杰利和史努比中，谁最可能成为你的好朋友？,汤姆,杰利,史努比,动漫,
星期一必须有人陪，你会在汤姆、杰利和史努比中选谁？,汤姆,杰利,史努比,动漫,
汤姆、杰利和史努比中，谁最适合当你的超强队友？,汤姆,杰利,史努比,动漫,
阿拉蕾、小叮当和蜡笔小新中，谁最适合当你的旅行伙伴？,阿拉蕾,小叮当,蜡笔小新,动漫,
阿拉蕾、小叮当和蜡笔小新中，谁最适合当派对主持人？,阿拉蕾,小叮当,蜡笔小新,动漫,
阿拉蕾、小叮当和蜡笔小新中，谁最可能成为你的好朋友？,阿拉蕾,小叮当,蜡笔小新,动漫,
星期一必须有人陪，你会在阿拉蕾、小叮当和蜡笔小新中选谁？,阿拉蕾,小叮当,蜡笔小新,动漫,
阿拉蕾、小叮当和蜡笔小新中，谁最适合当你的超强队友？,阿拉蕾,小叮当,蜡笔小新,动漫,
神乐、银时和土方十四郎中，谁最适合当你的旅行伙伴？,神乐,银时,土方十四郎,动漫,
神乐、银时和土方十四郎中，谁最适合当派对主持人？,神乐,银时,土方十四郎,动漫,
神乐、银时和土方十四郎中，谁最可能成为你的好朋友？,神乐,银时,土方十四郎,动漫,
星期一必须有人陪，你会在神乐、银时和土方十四郎中选谁？,神乐,银时,土方十四郎,动漫,
神乐、银时和土方十四郎中，谁最适合当你的超强队友？,神乐,银时,土方十四郎,动漫,
安妮亚、洛伊德和约儿中，谁最适合当你的旅行伙伴？,安妮亚,洛伊德,约儿,动漫,
安妮亚、洛伊德和约儿中，谁最适合当派对主持人？,安妮亚,洛伊德,约儿,动漫,
安妮亚、洛伊德和约儿中，谁最可能成为你的好朋友？,安妮亚,洛伊德,约儿,动漫,
星期一必须有人陪，你会在安妮亚、洛伊德和约儿中选谁？,安妮亚,洛伊德,约儿,动漫,
安妮亚、洛伊德和约儿中，谁最适合当你的超强队友？,安妮亚,洛伊德,约儿,动漫,
米老鼠、唐老鸭和布鲁托中，谁最适合当你的旅行伙伴？,米老鼠,唐老鸭,布鲁托,动漫,
米老鼠、唐老鸭和布鲁托中，谁最适合当派对主持人？,米老鼠,唐老鸭,布鲁托,动漫,
米老鼠、唐老鸭和布鲁托中，谁最可能成为你的好朋友？,米老鼠,唐老鸭,布鲁托,动漫,
星期一必须有人陪，你会在米老鼠、唐老鸭和布鲁托中选谁？,米老鼠,唐老鸭,布鲁托,动漫,
米老鼠、唐老鸭和布鲁托中，谁最适合当你的超强队友？,米老鼠,唐老鸭,布鲁托,动漫,
艾莎、莫阿娜和小美人鱼中，谁最适合陪你露营？,艾莎,莫阿娜,小美人鱼,电影,
遇到麻烦时，你最想找艾莎、莫阿娜还是小美人鱼？,艾莎,莫阿娜,小美人鱼,电影,
艾莎、莫阿娜和小美人鱼中，谁最适合当你的邻居？,艾莎,莫阿娜,小美人鱼,电影,
看午夜场时，你最想约艾莎、莫阿娜还是小美人鱼？,艾莎,莫阿娜,小美人鱼,电影,
艾莎、莫阿娜和小美人鱼中，谁最可能成为聚会焦点？,艾莎,莫阿娜,小美人鱼,电影,
巴斯光年、胡迪和瓦力中，谁最适合陪你露营？,巴斯光年,胡迪,瓦力,电影,
遇到麻烦时，你最想找巴斯光年、胡迪还是瓦力？,巴斯光年,胡迪,瓦力,电影,
巴斯光年、胡迪和瓦力中，谁最适合当你的邻居？,巴斯光年,胡迪,瓦力,电影,
看午夜场时，你最想约巴斯光年、胡迪还是瓦力？,巴斯光年,胡迪,瓦力,电影,
巴斯光年、胡迪和瓦力中，谁最可能成为聚会焦点？,巴斯光年,胡迪,瓦力,电影,
哈利波特、妙丽和荣恩中，谁最适合陪你露营？,哈利波特,妙丽,荣恩,电影,
遇到麻烦时，你最想找哈利波特、妙丽还是荣恩？,哈利波特,妙丽,荣恩,电影,
哈利波特、妙丽和荣恩中，谁最适合当你的邻居？,哈利波特,妙丽,荣恩,电影,
看午夜场时，你最想约哈利波特、妙丽还是荣恩？,哈利波特,妙丽,荣恩,电影,
哈利波特、妙丽和荣恩中，谁最可能成为聚会焦点？,哈利波特,妙丽,荣恩,电影,
甘道夫、邓不利多和尤达大师中，谁最适合陪你露营？,甘道夫,邓不利多,尤达大师,电影,
遇到麻烦时，你最想找甘道夫、邓不利多还是尤达大师？,甘道夫,邓不利多,尤达大师,电影,
甘道夫、邓不利多和尤达大师中，谁最适合当你的邻居？,甘道夫,邓不利多,尤达大师,电影,
看午夜场时，你最想约甘道夫、邓不利多还是尤达大师？,甘道夫,邓不利多,尤达大师,电影,
甘道夫、邓不利多和尤达大师中，谁最可能成为聚会焦点？,甘道夫,邓不利多,尤达大师,电影,
蜘蛛人、蝙蝠侠和超人中，谁最适合陪你露营？,蜘蛛人,蝙蝠侠,超人,电影,
遇到麻烦时，你最想找蜘蛛人、蝙蝠侠还是超人？,蜘蛛人,蝙蝠侠,超人,电影,
蜘蛛人、蝙蝠侠和超人中，谁最适合当你的邻居？,蜘蛛人,蝙蝠侠,超人,电影,
看午夜场时，你最想约蜘蛛人、蝙蝠侠还是超人？,蜘蛛人,蝙蝠侠,超人,电影,
蜘蛛人、蝙蝠侠和超人中，谁最可能成为聚会焦点？,蜘蛛人,蝙蝠侠,超人,电影,
钢铁人、美国队长和雷神索尔中，谁最适合陪你露营？,钢铁人,美国队长,雷神索尔,电影,
遇到麻烦时，你最想找钢铁人、美国队长还是雷神索尔？,钢铁人,美国队长,雷神索尔,电影,
钢铁人、美国队长和雷神索尔中，谁最适合当你的邻居？,钢铁人,美国队长,雷神索尔,电影,
看午夜场时，你最想约钢铁人、美国队长还是雷神索尔？,钢铁人,美国队长,雷神索尔,电影,
钢铁人、美国队长和雷神索尔中，谁最可能成为聚会焦点？,钢铁人,美国队长,雷神索尔,电影,
木法沙、辛巴和丁满中，谁最适合陪你露营？,木法沙,辛巴,丁满,电影,
遇到麻烦时，你最想找木法沙、辛巴还是丁满？,木法沙,辛巴,丁满,电影,
木法沙、辛巴和丁满中，谁最适合当你的邻居？,木法沙,辛巴,丁满,电影,
看午夜场时，你最想约木法沙、辛巴还是丁满？,木法沙,辛巴,丁满,电影,
木法沙、辛巴和丁满中，谁最可能成为聚会焦点？,木法沙,辛巴,丁满,电影,
杰克·史派罗、印第安纳·琼斯和福尔摩斯中，谁最适合陪你露营？,杰克·史派罗,印第安纳·琼斯,福尔摩斯,电影,
遇到麻烦时，你最想找杰克·史派罗、印第安纳·琼斯还是福尔摩斯？,杰克·史派罗,印第安纳·琼斯,福尔摩斯,电影,
杰克·史派罗、印第安纳·琼斯和福尔摩斯中，谁最适合当你的邻居？,杰克·史派罗,印第安纳·琼斯,福尔摩斯,电影,
看午夜场时，你最想约杰克·史派罗、印第安纳·琼斯还是福尔摩斯？,杰克·史派罗,印第安纳·琼斯,福尔摩斯,电影,
杰克·史派罗、印第安纳·琼斯和福尔摩斯中，谁最可能成为聚会焦点？,杰克·史派罗,印第安纳·琼斯,福尔摩斯,电影,
Neo、Trinity和Morpheus中，谁最适合陪你露营？,Neo,Trinity,Morpheus,电影,
遇到麻烦时，你最想找Neo、Trinity还是Morpheus？,Neo,Trinity,Morpheus,电影,
Neo、Trinity和Morpheus中，谁最适合当你的邻居？,Neo,Trinity,Morpheus,电影,
看午夜场时，你最想约Neo、Trinity还是Morpheus？,Neo,Trinity,Morpheus,电影,
Neo、Trinity和Morpheus中，谁最可能成为聚会焦点？,Neo,Trinity,Morpheus,电影,
小丑、死侍和谜语人中，谁最适合陪你露营？,小丑,死侍,谜语人,电影,
遇到麻烦时，你最想找小丑、死侍还是谜语人？,小丑,死侍,谜语人,电影,
小丑、死侍和谜语人中，谁最适合当你的邻居？,小丑,死侍,谜语人,电影,
看午夜场时，你最想约小丑、死侍还是谜语人？,小丑,死侍,谜语人,电影,
小丑、死侍和谜语人中，谁最可能成为聚会焦点？,小丑,死侍,谜语人,电影,
阿甘、洛奇和骇客任务主角中，谁最适合陪你露营？,阿甘,洛奇,骇客任务主角,电影,
遇到麻烦时，你最想找阿甘、洛奇还是骇客任务主角？,阿甘,洛奇,骇客任务主角,电影,
阿甘、洛奇和骇客任务主角中，谁最适合当你的邻居？,阿甘,洛奇,骇客任务主角,电影,
看午夜场时，你最想约阿甘、洛奇还是骇客任务主角？,阿甘,洛奇,骇客任务主角,电影,
阿甘、洛奇和骇客任务主角中，谁最可能成为聚会焦点？,阿甘,洛奇,骇客任务主角,电影,
星爵、雷神索尔和奇异博士中，谁最适合陪你露营？,星爵,雷神索尔,奇异博士,电影,
遇到麻烦时，你最想找星爵、雷神索尔还是奇异博士？,星爵,雷神索尔,奇异博士,电影,
星爵、雷神索尔和奇异博士中，谁最适合当你的邻居？,星爵,雷神索尔,奇异博士,电影,
看午夜场时，你最想约星爵、雷神索尔还是奇异博士？,星爵,雷神索尔,奇异博士,电影,
星爵、雷神索尔和奇异博士中，谁最可能成为聚会焦点？,星爵,雷神索尔,奇异博士,电影,
艾蜜莉、米格和胡安中，谁最适合陪你露营？,艾蜜莉,米格,胡安,电影,
遇到麻烦时，你最想找艾蜜莉、米格还是胡安？,艾蜜莉,米格,胡安,电影,
艾蜜莉、米格和胡安中，谁最适合当你的邻居？,艾蜜莉,米格,胡安,电影,
看午夜场时，你最想约艾蜜莉、米格还是胡安？,艾蜜莉,米格,胡安,电影,
艾蜜莉、米格和胡安中，谁最可能成为聚会焦点？,艾蜜莉,米格,胡安,电影,
龙猫、史瑞克和功夫熊猫中，谁最适合陪你露营？,龙猫,史瑞克,功夫熊猫,电影,
遇到麻烦时，你最想找龙猫、史瑞克还是功夫熊猫？,龙猫,史瑞克,功夫熊猫,电影,
龙猫、史瑞克和功夫熊猫中，谁最适合当你的邻居？,龙猫,史瑞克,功夫熊猫,电影,
看午夜场时，你最想约龙猫、史瑞克还是功夫熊猫？,龙猫,史瑞克,功夫熊猫,电影,
龙猫、史瑞克和功夫熊猫中，谁最可能成为聚会焦点？,龙猫,史瑞克,功夫熊猫,电影,
如果我住进哆啦A梦的世界，我第一件事会是 ______。,,,,脑洞,写下你第一个想到的答案
我最想让哆啦A梦的世界替我完成的事是 ______。,,,,脑洞,写下你第一个想到的答案
如果能在哆啦A梦的世界带走一样东西，我会带走 ______。,,,,脑洞,写下你第一个想到的答案
在哆啦A梦的世界生活一天，我最怕遇到 ______。,,,,脑洞,写下你第一个想到的答案
如果我住进霍格华兹，我第一件事会是 ______。,,,,脑洞,写下你第一个想到的答案
我最想让霍格华兹替我完成的事是 ______。,,,,脑洞,写下你第一个想到的答案
如果能在霍格华兹带走一样东西，我会带走 ______。,,,,脑洞,写下你第一个想到的答案
在霍格华兹生活一天，我最怕遇到 ______。,,,,脑洞,写下你第一个想到的答案
如果我住进皮克斯电影里，我第一件事会是 ______。,,,,脑洞,写下你第一个想到的答案
我最想让皮克斯电影里替我完成的事是 ______。,,,,脑洞,写下你第一个想到的答案
如果能在皮克斯电影里带走一样东西，我会带走 ______。,,,,脑洞,写下你第一个想到的答案
在皮克斯电影里生活一天，我最怕遇到 ______。,,,,脑洞,写下你第一个想到的答案
如果我住进超级英雄基地，我第一件事会是 ______。,,,,脑洞,写下你第一个想到的答案
我最想让超级英雄基地替我完成的事是 ______。,,,,脑洞,写下你第一个想到的答案
如果能在超级英雄基地带走一样东西，我会带走 ______。,,,,脑洞,写下你第一个想到的答案
在超级英雄基地生活一天，我最怕遇到 ______。,,,,脑洞,写下你第一个想到的答案
如果我住进海贼王的船上，我第一件事会是 ______。,,,,脑洞,写下你第一个想到的答案
我最想让海贼王的船上替我完成的事是 ______。,,,,脑洞,写下你第一个想到的答案
如果能在海贼王的船上带走一样东西，我会带走 ______。,,,,脑洞,写下你第一个想到的答案
在海贼王的船上生活一天，我最怕遇到 ______。,,,,脑洞,写下你第一个想到的答案
如果我住进宝可梦世界，我第一件事会是 ______。,,,,脑洞,写下你第一个想到的答案
我最想让宝可梦世界替我完成的事是 ______。,,,,脑洞,写下你第一个想到的答案
如果能在宝可梦世界带走一样东西，我会带走 ______。,,,,脑洞,写下你第一个想到的答案
在宝可梦世界生活一天，我最怕遇到 ______。,,,,脑洞,写下你第一个想到的答案
如果我住进银河铁道，我第一件事会是 ______。,,,,脑洞,写下你第一个想到的答案
我最想让银河铁道替我完成的事是 ______。,,,,脑洞,写下你第一个想到的答案
如果能在银河铁道带走一样东西，我会带走 ______。,,,,脑洞,写下你第一个想到的答案
在银河铁道生活一天，我最怕遇到 ______。,,,,脑洞,写下你第一个想到的答案
如果我住进童话森林，我第一件事会是 ______。,,,,脑洞,写下你第一个想到的答案
我最想让童话森林替我完成的事是 ______。,,,,脑洞,写下你第一个想到的答案
如果能在童话森林带走一样东西，我会带走 ______。,,,,脑洞,写下你第一个想到的答案
在童话森林生活一天，我最怕遇到 ______。,,,,脑洞,写下你第一个想到的答案
如果我住进未来城市，我第一件事会是 ______。,,,,脑洞,写下你第一个想到的答案
我最想让未来城市替我完成的事是 ______。,,,,脑洞,写下你第一个想到的答案
如果能在未来城市带走一样东西，我会带走 ______。,,,,脑洞,写下你第一个想到的答案
在未来城市生活一天，我最怕遇到 ______。,,,,脑洞,写下你第一个想到的答案
如果我住进外星人的太空站，我第一件事会是 ______。,,,,脑洞,写下你第一个想到的答案
我最想让外星人的太空站替我完成的事是 ______。,,,,脑洞,写下你第一个想到的答案
如果能在外星人的太空站带走一样东西，我会带走 ______。,,,,脑洞,写下你第一个想到的答案
在外星人的太空站生活一天，我最怕遇到 ______。,,,,脑洞,写下你第一个想到的答案
如果我住进魔法学院，我第一件事会是 ______。,,,,脑洞,写下你第一个想到的答案
我最想让魔法学院替我完成的事是 ______。,,,,脑洞,写下你第一个想到的答案
如果能在魔法学院带走一样东西，我会带走 ______。,,,,脑洞,写下你第一个想到的答案
在魔法学院生活一天，我最怕遇到 ______。,,,,脑洞,写下你第一个想到的答案
如果我住进会飞的城堡，我第一件事会是 ______。,,,,脑洞,写下你第一个想到的答案
我最想让会飞的城堡替我完成的事是 ______。,,,,脑洞,写下你第一个想到的答案
如果能在会飞的城堡带走一样东西，我会带走 ______。,,,,脑洞,写下你第一个想到的答案
在会飞的城堡生活一天，我最怕遇到 ______。,,,,脑洞,写下你第一个想到的答案
如果我住进深海王国，我第一件事会是 ______。,,,,脑洞,写下你第一个想到的答案
我最想让深海王国替我完成的事是 ______。,,,,脑洞,写下你第一个想到的答案
如果能在深海王国带走一样东西，我会带走 ______。,,,,脑洞,写下你第一个想到的答案
在深海王国生活一天，我最怕遇到 ______。,,,,脑洞,写下你第一个想到的答案
如果我住进时间旅行者的家，我第一件事会是 ______。,,,,脑洞,写下你第一个想到的答案
我最想让时间旅行者的家替我完成的事是 ______。,,,,脑洞,写下你第一个想到的答案
如果能在时间旅行者的家带走一样东西，我会带走 ______。,,,,脑洞,写下你第一个想到的答案
在时间旅行者的家生活一天，我最怕遇到 ______。,,,,脑洞,写下你第一个想到的答案
如果我住进一座漂浮的岛，我第一件事会是 ______。,,,,脑洞,写下你第一个想到的答案
我最想让一座漂浮的岛替我完成的事是 ______。,,,,脑洞,写下你第一个想到的答案
如果能在一座漂浮的岛带走一样东西，我会带走 ______。,,,,脑洞,写下你第一个想到的答案
在一座漂浮的岛生活一天，我最怕遇到 ______。,,,,脑洞,写下你第一个想到的答案
如果我住进末日后的便利商店，我第一件事会是 ______。,,,,脑洞,写下你第一个想到的答案
我最想让末日后的便利商店替我完成的事是 ______。,,,,脑洞,写下你第一个想到的答案
如果能在末日后的便利商店带走一样东西，我会带走 ______。,,,,脑洞,写下你第一个想到的答案
在末日后的便利商店生活一天，我最怕遇到 ______。,,,,脑洞,写下你第一个想到的答案
如果我住进全是猫的城市，我第一件事会是 ______。,,,,脑洞,写下你第一个想到的答案
我最想让全是猫的城市替我完成的事是 ______。,,,,脑洞,写下你第一个想到的答案
如果能在全是猫的城市带走一样东西，我会带走 ______。,,,,脑洞,写下你第一个想到的答案
在全是猫的城市生活一天，我最怕遇到 ______。,,,,脑洞,写下你第一个想到的答案
如果我住进没有网络的世界，我第一件事会是 ______。,,,,脑洞,写下你第一个想到的答案
我最想让没有网络的世界替我完成的事是 ______。,,,,脑洞,写下你第一个想到的答案
如果能在没有网络的世界带走一样东西，我会带走 ______。,,,,脑洞,写下你第一个想到的答案
在没有网络的世界生活一天，我最怕遇到 ______。,,,,脑洞,写下你第一个想到的答案
如果我住进只有夜晚的城市，我第一件事会是 ______。,,,,脑洞,写下你第一个想到的答案
我最想让只有夜晚的城市替我完成的事是 ______。,,,,脑洞,写下你第一个想到的答案
如果能在只有夜晚的城市带走一样东西，我会带走 ______。,,,,脑洞,写下你第一个想到的答案
在只有夜晚的城市生活一天，我最怕遇到 ______。,,,,脑洞,写下你第一个想到的答案
如果我住进巨人住的村庄，我第一件事会是 ______。,,,,脑洞,写下你第一个想到的答案
我最想让巨人住的村庄替我完成的事是 ______。,,,,脑洞,写下你第一个想到的答案
如果能在巨人住的村庄带走一样东西，我会带走 ______。,,,,脑洞,写下你第一个想到的答案
在巨人住的村庄生活一天，我最怕遇到 ______。,,,,脑洞,写下你第一个想到的答案
如果我住进可以说话的博物馆，我第一件事会是 ______。,,,,脑洞,写下你第一个想到的答案
我最想让可以说话的博物馆替我完成的事是 ______。,,,,脑洞,写下你第一个想到的答案
如果能在可以说话的博物馆带走一样东西，我会带走 ______。,,,,脑洞,写下你第一个想到的答案
在可以说话的博物馆生活一天，我最怕遇到 ______。,,,,脑洞,写下你第一个想到的答案
如果我住进住在云上的小镇，我第一件事会是 ______。,,,,脑洞,写下你第一个想到的答案
我最想让住在云上的小镇替我完成的事是 ______。,,,,脑洞,写下你第一个想到的答案
如果能在住在云上的小镇带走一样东西，我会带走 ______。,,,,脑洞,写下你第一个想到的答案
在住在云上的小镇生活一天，我最怕遇到 ______。,,,,脑洞,写下你第一个想到的答案
如果我住进会移动的图书馆，我第一件事会是 ______。,,,,脑洞,写下你第一个想到的答案
我最想让会移动的图书馆替我完成的事是 ______。,,,,脑洞,写下你第一个想到的答案
如果能在会移动的图书馆带走一样东西，我会带走 ______。,,,,脑洞,写下你第一个想到的答案
在会移动的图书馆生活一天，我最怕遇到 ______。,,,,脑洞,写下你第一个想到的答案
如果我住进所有东西都缩小的世界，我第一件事会是 ______。,,,,脑洞,写下你第一个想到的答案
我最想让所有东西都缩小的世界替我完成的事是 ______。,,,,脑洞,写下你第一个想到的答案
如果能在所有东西都缩小的世界带走一样东西，我会带走 ______。,,,,脑洞,写下你第一个想到的答案
在所有东西都缩小的世界生活一天，我最怕遇到 ______。,,,,脑洞,写下你第一个想到的答案
如果我住进梦境电影院，我第一件事会是 ______。,,,,脑洞,写下你第一个想到的答案
我最想让梦境电影院替我完成的事是 ______。,,,,脑洞,写下你第一个想到的答案
如果能在梦境电影院带走一样东西，我会带走 ______。,,,,脑洞,写下你第一个想到的答案
在梦境电影院生活一天，我最怕遇到 ______。,,,,脑洞,写下你第一个想到的答案
如果我住进机器人开的餐厅，我第一件事会是 ______。,,,,脑洞,写下你第一个想到的答案
我最想让机器人开的餐厅替我完成的事是 ______。,,,,脑洞,写下你第一个想到的答案
如果能在机器人开的餐厅带走一样东西，我会带走 ______。,,,,脑洞,写下你第一个想到的答案
在机器人开的餐厅生活一天，我最怕遇到 ______。,,,,脑洞,写下你第一个想到的答案
如果我住进每人都有超能力的学校，我第一件事会是 ______。,,,,脑洞,写下你第一个想到的答案
我最想让每人都有超能力的学校替我完成的事是 ______。,,,,脑洞,写下你第一个想到的答案
如果能在每人都有超能力的学校带走一样东西，我会带走 ______。,,,,脑洞,写下你第一个想到的答案
在每人都有超能力的学校生活一天，我最怕遇到 ______。,,,,脑洞,写下你第一个想到的答案
如果我住进四季同时存在的公园，我第一件事会是 ______。,,,,脑洞,写下你第一个想到的答案
我最想让四季同时存在的公园替我完成的事是 ______。,,,,脑洞,写下你第一个想到的答案
如果能在四季同时存在的公园带走一样东西，我会带走 ______。,,,,脑洞,写下你第一个想到的答案
在四季同时存在的公园生活一天，我最怕遇到 ______。,,,,脑洞,写下你第一个想到的答案
如果我住进月球上的露营地，我第一件事会是 ______。,,,,脑洞,写下你第一个想到的答案
我最想让月球上的露营地替我完成的事是 ______。,,,,脑洞,写下你第一个想到的答案
如果能在月球上的露营地带走一样东西，我会带走 ______。,,,,脑洞,写下你第一个想到的答案
在月球上的露营地生活一天，我最怕遇到 ______。,,,,脑洞,写下你第一个想到的答案
如果我住进一艘时间邮轮，我第一件事会是 ______。,,,,脑洞,写下你第一个想到的答案
我最想让一艘时间邮轮替我完成的事是 ______。,,,,脑洞,写下你第一个想到的答案
如果能在一艘时间邮轮带走一样东西，我会带走 ______。,,,,脑洞,写下你第一个想到的答案
在一艘时间邮轮生活一天，我最怕遇到 ______。,,,,脑洞,写下你第一个想到的答案
如果我住进会自己整理的房子，我第一件事会是 ______。,,,,脑洞,写下你第一个想到的答案
我最想让会自己整理的房子替我完成的事是 ______。,,,,脑洞,写下你第一个想到的答案
如果能在会自己整理的房子带走一样东西，我会带走 ______。,,,,脑洞,写下你第一个想到的答案
在会自己整理的房子生活一天，我最怕遇到 ______。,,,,脑洞,写下你第一个想到的答案
如果我住进永远放晴的海岛，我第一件事会是 ______。,,,,脑洞,写下你第一个想到的答案
我最想让永远放晴的海岛替我完成的事是 ______。,,,,脑洞,写下你第一个想到的答案
如果能在永远放晴的海岛带走一样东西，我会带走 ______。,,,,脑洞,写下你第一个想到的答案
在永远放晴的海岛生活一天，我最怕遇到 ______。,,,,脑洞,写下你第一个想到的答案
如果我住进只能用交换生活的市集，我第一件事会是 ______。,,,,脑洞,写下你第一个想到的答案
我最想让只能用交换生活的市集替我完成的事是 ______。,,,,脑洞,写下你第一个想到的答案
如果能在只能用交换生活的市集带走一样东西，我会带走 ______。,,,,脑洞,写下你第一个想到的答案
在只能用交换生活的市集生活一天，我最怕遇到 ______。,,,,脑洞,写下你第一个想到的答案
如果我住进电影反派的办公室，我第一件事会是 ______。,,,,脑洞,写下你第一个想到的答案
我最想让电影反派的办公室替我完成的事是 ______。,,,,脑洞,写下你第一个想到的答案
如果能在电影反派的办公室带走一样东西，我会带走 ______。,,,,脑洞,写下你第一个想到的答案
在电影反派的办公室生活一天，我最怕遇到 ______。,,,,脑洞,写下你第一个想到的答案
如果我住进动画片尾之后的世界，我第一件事会是 ______。,,,,脑洞,写下你第一个想到的答案
我最想让动画片尾之后的世界替我完成的事是 ______。,,,,脑洞,写下你第一个想到的答案
如果能在动画片尾之后的世界带走一样东西，我会带走 ______。,,,,脑洞,写下你第一个想到的答案
在动画片尾之后的世界生活一天，我最怕遇到 ______。,,,,脑洞,写下你第一个想到的答案
聊到人工智能管家，你更偏向？,负责做饭,负责打扫,,科技未来,
关于人工智能管家，如果只能选一个，你会选？,负责做饭,负责打扫,安排全部日程,科技未来,
第一次接触人工智能管家，大家最可能先选？,安排全部日程,负责做饭,负责打扫,科技未来,
说到人工智能管家，我还想加一个选项：______。,,,,科技未来,写下一个具体、第一时间想到的答案
如果今天就要体验火星定居，你会先选？,玻璃穹顶城市,地下生存基地,,科技未来,
给火星定居安排一个优先项，你会选？,玻璃穹顶城市,地下生存基地,移动探索房车,科技未来,
如果为火星定居投票，哪一个最可能获胜？,移动探索房车,玻璃穹顶城市,地下生存基地,科技未来,
如果由我设计火星定居，最不能少的是 ______。,,,,科技未来,写下一个具体、第一时间想到的答案
在记忆备份这件事上，你更看重？,保存全部记忆,只保存快乐记忆,,科技未来,
如果大家一起体验记忆备份，你最想负责哪一项？,保存全部记忆,只保存快乐记忆,完全不做备份,科技未来,
在记忆备份的三个选项中，哪个最受欢迎？,完全不做备份,保存全部记忆,只保存快乐记忆,科技未来,
体验记忆备份之前，我最想准备 ______。,,,,科技未来,写下一个具体、第一时间想到的答案
如果朋友邀请你尝试未来交通，你会选？,飞行汽车,真空列车,,科技未来,
把未来交通变成周末活动，你最期待？,飞行汽车,真空列车,瞬间移动门,科技未来,
朋友临时提出未来交通，多数人会答应哪一个？,瞬间移动门,飞行汽车,真空列车,科技未来,
关于未来交通，我第一个想到的是 ______。,,,,科技未来,写下一个具体、第一时间想到的答案
关于虚拟现实旅行，哪一个更吸引你？,回到古代城市,探索外星世界,,科技未来,
讨论虚拟现实旅行时，哪一个最容易成为多数答案？,回到古代城市,探索外星世界,进入电影片场,科技未来,
只能把虚拟现实旅行的一项带走，你会带走？,进入电影片场,回到古代城市,探索外星世界,科技未来,
如果把虚拟现实旅行拍成电影，片名会是《______》。,,,,科技未来,写下一个具体、第一时间想到的答案
聊到机器人同事，你更偏向？,效率最高的,最会安慰人的,,科技未来,
关于机器人同事，如果只能选一个，你会选？,效率最高的,最会安慰人的,最有创意的,科技未来,
第一次接触机器人同事，大家最可能先选？,最有创意的,效率最高的,最会安慰人的,科技未来,
说到机器人同事，我还想加一个选项：______。,,,,科技未来,写下一个具体、第一时间想到的答案
如果今天就要体验智能冰箱，你会先选？,自动补充食物,每天推荐菜谱,,科技未来,
给智能冰箱安排一个优先项，你会选？,自动补充食物,每天推荐菜谱,阻止你吃夜宵,科技未来,
如果为智能冰箱投票，哪一个最可能获胜？,阻止你吃夜宵,自动补充食物,每天推荐菜谱,科技未来,
如果由我设计智能冰箱，最不能少的是 ______。,,,,科技未来,写下一个具体、第一时间想到的答案
在数字分身这件事上，你更看重？,替你参加会议,替你排队办事,,科技未来,
如果大家一起体验数字分身，你最想负责哪一项？,替你参加会议,替你排队办事,替你回复消息,科技未来,
在数字分身的三个选项中，哪个最受欢迎？,替你回复消息,替你参加会议,替你排队办事,科技未来,
体验数字分身之前，我最想准备 ______。,,,,科技未来,写下一个具体、第一时间想到的答案
如果朋友邀请你尝试时间暂停器，你会选？,用来补觉,用来旅行,,科技未来,
把时间暂停器变成周末活动，你最期待？,用来补觉,用来旅行,用来赶完任务,科技未来,
朋友临时提出时间暂停器，多数人会答应哪一个？,用来赶完任务,用来补觉,用来旅行,科技未来,
关于时间暂停器，我第一个想到的是 ______。,,,,科技未来,写下一个具体、第一时间想到的答案
关于月球假期，哪一个更吸引你？,看地球升起,在月面露营,,科技未来,
讨论月球假期时，哪一个最容易成为多数答案？,看地球升起,在月面露营,参加低重力运动,科技未来,
只能把月球假期的一项带走，你会带走？,参加低重力运动,看地球升起,在月面露营,科技未来,
如果把月球假期拍成电影，片名会是《______》。,,,,科技未来,写下一个具体、第一时间想到的答案
聊到开放世界游戏，你更偏向？,自由探索地图,认真做主线,,游戏电竞,
关于开放世界游戏，如果只能选一个，你会选？,自由探索地图,认真做主线,到处收集物品,游戏电竞,
第一次接触开放世界游戏，大家最可能先选？,到处收集物品,自由探索地图,认真做主线,游戏电竞,
说到开放世界游戏，我还想加一个选项：______。,,,,游戏电竞,写下一个具体、第一时间想到的答案
如果今天就要体验竞技排位赛，你会先选？,和高手正面交锋,稳稳配合队友,,游戏电竞,
给竞技排位赛安排一个优先项，你会选？,和高手正面交锋,稳稳配合队友,研究冷门套路,游戏电竞,
如果为竞技排位赛投票，哪一个最可能获胜？,研究冷门套路,和高手正面交锋,稳稳配合队友,游戏电竞,
如果由我设计竞技排位赛，最不能少的是 ______。,,,,游戏电竞,写下一个具体、第一时间想到的答案
在恐怖游戏这件事上，你更看重？,自己戴耳机玩,和朋友一起玩,,游戏电竞,
如果大家一起体验恐怖游戏，你最想负责哪一项？,自己戴耳机玩,和朋友一起玩,只看别人直播,游戏电竞,
在恐怖游戏的三个选项中，哪个最受欢迎？,只看别人直播,自己戴耳机玩,和朋友一起玩,游戏电竞,
体验恐怖游戏之前，我最想准备 ______。,,,,游戏电竞,写下一个具体、第一时间想到的答案
如果朋友邀请你尝试解谜游戏，你会选？,观察场景细节,疯狂尝试组合,,游戏电竞,
把解谜游戏变成周末活动，你最期待？,观察场景细节,疯狂尝试组合,立刻查攻略,游戏电竞,
朋友临时提出解谜游戏，多数人会答应哪一个？,立刻查攻略,观察场景细节,疯狂尝试组合,游戏电竞,
关于解谜游戏，我第一个想到的是 ______。,,,,游戏电竞,写下一个具体、第一时间想到的答案
关于合作闯关，哪一个更吸引你？,负责指挥,负责操作,,游戏电竞,
讨论合作闯关时，哪一个最容易成为多数答案？,负责指挥,负责操作,负责活跃气氛,游戏电竞,
只能把合作闯关的一项带走，你会带走？,负责活跃气氛,负责指挥,负责操作,游戏电竞,
如果把合作闯关拍成电影，片名会是《______》。,,,,游戏电竞,写下一个具体、第一时间想到的答案
聊到角色养成，你更偏向？,优先提升战斗力,优先收集外观,,游戏电竞,
关于角色养成，如果只能选一个，你会选？,优先提升战斗力,优先收集外观,优先完成角色故事,游戏电竞,
第一次接触角色养成，大家最可能先选？,优先完成角色故事,优先提升战斗力,优先收集外观,游戏电竞,
说到角色养成，我还想加一个选项：______。,,,,游戏电竞,写下一个具体、第一时间想到的答案
如果今天就要体验稀有游戏道具，你会先选？,马上使用,留到最终关,,游戏电竞,
给稀有游戏道具安排一个优先项，你会选？,马上使用,留到最终关,收藏起来不用,游戏电竞,
如果为稀有游戏道具投票，哪一个最可能获胜？,收藏起来不用,马上使用,留到最终关,游戏电竞,
如果由我设计稀有游戏道具，最不能少的是 ______。,,,,游戏电竞,写下一个具体、第一时间想到的答案
在最终头目战这件事上，你更看重？,先研究机制,直接冲上去打,,游戏电竞,
如果大家一起体验最终头目战，你最想负责哪一项？,先研究机制,直接冲上去打,等待队友带飞,游戏电竞,
在最终头目战的三个选项中，哪个最受欢迎？,等待队友带飞,先研究机制,直接冲上去打,游戏电竞,
体验最终头目战之前，我最想准备 ______。,,,,游戏电竞,写下一个具体、第一时间想到的答案
如果朋友邀请你尝试复古街机，你会选？,格斗游戏,赛车游戏,,游戏电竞,
把复古街机变成周末活动，你最期待？,格斗游戏,赛车游戏,音乐节奏游戏,游戏电竞,
朋友临时提出复古街机，多数人会答应哪一个？,音乐节奏游戏,格斗游戏,赛车游戏,游戏电竞,
关于复古街机，我第一个想到的是 ______。,,,,游戏电竞,写下一个具体、第一时间想到的答案
关于游戏直播，哪一个更吸引你？,看技术高手,看搞笑主播,,游戏电竞,
讨论游戏直播时，哪一个最容易成为多数答案？,看技术高手,看搞笑主播,看剧情解说,游戏电竞,
只能把游戏直播的一项带走，你会带走？,看剧情解说,看技术高手,看搞笑主播,游戏电竞,
如果把游戏直播拍成电影，片名会是《______》。,,,,游戏电竞,写下一个具体、第一时间想到的答案
聊到现场看球赛，你更偏向？,坐在最热闹的区域,坐在视野最好的区域,,运动竞技,
关于现场看球赛，如果只能选一个，你会选？,坐在最热闹的区域,坐在视野最好的区域,站着跟全场欢呼,运动竞技,
第一次接触现场看球赛，大家最可能先选？,站着跟全场欢呼,坐在最热闹的区域,坐在视野最好的区域,运动竞技,
说到现场看球赛，我还想加一个选项：______。,,,,运动竞技,写下一个具体、第一时间想到的答案
如果今天就要体验参加马拉松，你会先选？,挑战最好成绩,轻松跑完全程,,运动竞技,
给参加马拉松安排一个优先项，你会选？,挑战最好成绩,轻松跑完全程,穿有趣造型参赛,运动竞技,
如果为参加马拉松投票，哪一个最可能获胜？,穿有趣造型参赛,挑战最好成绩,轻松跑完全程,运动竞技,
如果由我设计参加马拉松，最不能少的是 ______。,,,,运动竞技,写下一个具体、第一时间想到的答案
在篮球最后一攻这件事上，你更看重？,自己投关键球,传给最准的队友,,运动竞技,
如果大家一起体验篮球最后一攻，你最想负责哪一项？,自己投关键球,传给最准的队友,冲进去制造犯规,运动竞技,
在篮球最后一攻的三个选项中，哪个最受欢迎？,冲进去制造犯规,自己投关键球,传给最准的队友,运动竞技,
体验篮球最后一攻之前，我最想准备 ______。,,,,运动竞技,写下一个具体、第一时间想到的答案
如果朋友邀请你尝试足球点球大战，你会选？,第一个主罚,最后一个主罚,,运动竞技,
把足球点球大战变成周末活动，你最期待？,第一个主罚,最后一个主罚,站在旁边加油,运动竞技,
朋友临时提出足球点球大战，多数人会答应哪一个？,站在旁边加油,第一个主罚,最后一个主罚,运动竞技,
关于足球点球大战，我第一个想到的是 ______。,,,,运动竞技,写下一个具体、第一时间想到的答案
关于健身计划，哪一个更吸引你？,每天短时间练,周末集中练,,运动竞技,
讨论健身计划时，哪一个最容易成为多数答案？,每天短时间练,周末集中练,跟朋友一起练,运动竞技,
只能把健身计划的一项带走，你会带走？,跟朋友一起练,每天短时间练,周末集中练,运动竞技,
如果把健身计划拍成电影，片名会是《______》。,,,,运动竞技,写下一个具体、第一时间想到的答案
聊到水上运动，你更偏向？,冲浪,潜水,,运动竞技,
关于水上运动，如果只能选一个，你会选？,冲浪,潜水,划皮艇,运动竞技,
第一次接触水上运动，大家最可能先选？,划皮艇,冲浪,潜水,运动竞技,
说到水上运动，我还想加一个选项：______。,,,,运动竞技,写下一个具体、第一时间想到的答案
如果今天就要体验冬季运动，你会先选？,滑雪,滑冰,,运动竞技,
给冬季运动安排一个优先项，你会选？,滑雪,滑冰,打雪仗,运动竞技,
如果为冬季运动投票，哪一个最可能获胜？,打雪仗,滑雪,滑冰,运动竞技,
如果由我设计冬季运动，最不能少的是 ______。,,,,运动竞技,写下一个具体、第一时间想到的答案
在运动会项目这件事上，你更看重？,百米冲刺,接力赛,,运动竞技,
如果大家一起体验运动会项目，你最想负责哪一项？,百米冲刺,接力赛,拔河,运动竞技,
在运动会项目的三个选项中，哪个最受欢迎？,拔河,百米冲刺,接力赛,运动竞技,
体验运动会项目之前，我最想准备 ______。,,,,运动竞技,写下一个具体、第一时间想到的答案
如果朋友邀请你尝试看奥运比赛，你会选？,田径,游泳,,运动竞技,
把看奥运比赛变成周末活动，你最期待？,田径,游泳,球类比赛,运动竞技,
朋友临时提出看奥运比赛，多数人会答应哪一个？,球类比赛,田径,游泳,运动竞技,
关于看奥运比赛，我第一个想到的是 ______。,,,,运动竞技,写下一个具体、第一时间想到的答案
关于成为职业选手，哪一个更吸引你？,个人项目,团队项目,,运动竞技,
讨论成为职业选手时，哪一个最容易成为多数答案？,个人项目,团队项目,极限运动,运动竞技,
只能把成为职业选手的一项带走，你会带走？,极限运动,个人项目,团队项目,运动竞技,
如果把成为职业选手拍成电影，片名会是《______》。,,,,运动竞技,写下一个具体、第一时间想到的答案
聊到演唱会开场，你更偏向？,直接唱最红的歌,先唱最新的歌,,音乐,
关于演唱会开场，如果只能选一个，你会选？,直接唱最红的歌,先唱最新的歌,用慢歌暖场,音乐,
第一次接触演唱会开场，大家最可能先选？,用慢歌暖场,直接唱最红的歌,先唱最新的歌,音乐,
说到演唱会开场，我还想加一个选项：______。,,,,音乐,写下一个具体、第一时间想到的答案
如果今天就要体验组一支乐队，你会先选？,担任主唱,负责乐器,,音乐,
给组一支乐队安排一个优先项，你会选？,担任主唱,负责乐器,负责创作,音乐,
如果为组一支乐队投票，哪一个最可能获胜？,负责创作,担任主唱,负责乐器,音乐,
如果由我设计组一支乐队，最不能少的是 ______。,,,,音乐,写下一个具体、第一时间想到的答案
在通勤歌单这件事上，你更看重？,节奏强的歌,安静的歌,,音乐,
如果大家一起体验通勤歌单，你最想负责哪一项？,节奏强的歌,安静的歌,随机播放全部收藏,音乐,
在通勤歌单的三个选项中，哪个最受欢迎？,随机播放全部收藏,节奏强的歌,安静的歌,音乐,
体验通勤歌单之前，我最想准备 ______。,,,,音乐,写下一个具体、第一时间想到的答案
如果朋友邀请你尝试KTV最后一首歌，你会选？,全场大合唱,唱自己的拿手歌,,音乐,
把KTV最后一首歌变成周末活动，你最期待？,全场大合唱,唱自己的拿手歌,点一首告别歌曲,音乐,
朋友临时提出KTV最后一首歌，多数人会答应哪一个？,点一首告别歌曲,全场大合唱,唱自己的拿手歌,音乐,
关于KTV最后一首歌，我第一个想到的是 ______。,,,,音乐,写下一个具体、第一时间想到的答案
关于学习一种乐器，哪一个更吸引你？,吉他,钢琴,,音乐,
讨论学习一种乐器时，哪一个最容易成为多数答案？,吉他,钢琴,架子鼓,音乐,
只能把学习一种乐器的一项带走，你会带走？,架子鼓,吉他,钢琴,音乐,
如果把学习一种乐器拍成电影，片名会是《______》。,,,,音乐,写下一个具体、第一时间想到的答案
聊到音乐节体验，你更偏向？,挤到舞台前排,在后面轻松听,,音乐,
关于音乐节体验，如果只能选一个，你会选？,挤到舞台前排,在后面轻松听,不断换舞台看演出,音乐,
第一次接触音乐节体验，大家最可能先选？,不断换舞台看演出,挤到舞台前排,在后面轻松听,音乐,
说到音乐节体验，我还想加一个选项：______。,,,,音乐,写下一个具体、第一时间想到的答案
如果今天就要体验电影配乐，你会先选？,气势恢宏的,温柔感人的,,音乐,
给电影配乐安排一个优先项，你会选？,气势恢宏的,温柔感人的,紧张悬疑的,音乐,
如果为电影配乐投票，哪一个最可能获胜？,紧张悬疑的,气势恢宏的,温柔感人的,音乐,
如果由我设计电影配乐，最不能少的是 ______。,,,,音乐,写下一个具体、第一时间想到的答案
在睡前声音这件事上，你更看重？,轻音乐,白噪音,,音乐,
如果大家一起体验睡前声音，你最想负责哪一项？,轻音乐,白噪音,播客聊天,音乐,
在睡前声音的三个选项中，哪个最受欢迎？,播客聊天,轻音乐,白噪音,音乐,
体验睡前声音之前，我最想准备 ______。,,,,音乐,写下一个具体、第一时间想到的答案
如果朋友邀请你尝试偶像突然来到你家，你会选？,请他现场唱歌,一起吃饭聊天,,音乐,
把偶像突然来到你家变成周末活动，你最期待？,请他现场唱歌,一起吃饭聊天,拍一张合照,音乐,
朋友临时提出偶像突然来到你家，多数人会答应哪一个？,拍一张合照,请他现场唱歌,一起吃饭聊天,音乐,
关于偶像突然来到你家，我第一个想到的是 ______。,,,,音乐,写下一个具体、第一时间想到的答案
关于只能保留一种音乐，哪一个更吸引你？,流行音乐,摇滚音乐,,音乐,
讨论只能保留一种音乐时，哪一个最容易成为多数答案？,流行音乐,摇滚音乐,古典音乐,音乐,
只能把只能保留一种音乐的一项带走，你会带走？,古典音乐,流行音乐,摇滚音乐,音乐,
如果把只能保留一种音乐拍成电影，片名会是《______》。,,,,音乐,写下一个具体、第一时间想到的答案
聊到朋友临时取消约会，你更偏向？,马上改约下次,自己照常出门,,社交友情,
关于朋友临时取消约会，如果只能选一个，你会选？,马上改约下次,自己照常出门,回家享受独处,社交友情,
第一次接触朋友临时取消约会，大家最可能先选？,回家享受独处,马上改约下次,自己照常出门,社交友情,
说到朋友临时取消约会，我还想加一个选项：______。,,,,社交友情,写下一个具体、第一时间想到的答案
如果今天就要体验群聊突然冷场，你会先选？,主动换个话题,发一张表情包,,社交友情,
给群聊突然冷场安排一个优先项，你会选？,主动换个话题,发一张表情包,安静等待别人,社交友情,
如果为群聊突然冷场投票，哪一个最可能获胜？,安静等待别人,主动换个话题,发一张表情包,社交友情,
如果由我设计群聊突然冷场，最不能少的是 ______。,,,,社交友情,写下一个具体、第一时间想到的答案
在朋友遇到烦恼这件事上，你更看重？,认真听他说,帮他分析办法,,社交友情,
如果大家一起体验朋友遇到烦恼，你最想负责哪一项？,认真听他说,帮他分析办法,带他去吃好吃的,社交友情,
在朋友遇到烦恼的三个选项中，哪个最受欢迎？,带他去吃好吃的,认真听他说,帮他分析办法,社交友情,
体验朋友遇到烦恼之前，我最想准备 ______。,,,,社交友情,写下一个具体、第一时间想到的答案
如果朋友邀请你尝试聚会来了陌生人，你会选？,主动打招呼,等朋友介绍,,社交友情,
把聚会来了陌生人变成周末活动，你最期待？,主动打招呼,等朋友介绍,先观察一会儿,社交友情,
朋友临时提出聚会来了陌生人，多数人会答应哪一个？,先观察一会儿,主动打招呼,等朋友介绍,社交友情,
关于聚会来了陌生人，我第一个想到的是 ______。,,,,社交友情,写下一个具体、第一时间想到的答案
关于朋友借东西忘了还，哪一个更吸引你？,直接提醒,开玩笑暗示,,社交友情,
讨论朋友借东西忘了还时，哪一个最容易成为多数答案？,直接提醒,开玩笑暗示,等他自己想起,社交友情,
只能把朋友借东西忘了还的一项带走，你会带走？,等他自己想起,直接提醒,开玩笑暗示,社交友情,
如果把朋友借东西忘了还拍成电影，片名会是《______》。,,,,社交友情,写下一个具体、第一时间想到的答案
聊到共同旅行分工，你更偏向？,负责规划行程,负责找餐厅,,社交友情,
关于共同旅行分工，如果只能选一个，你会选？,负责规划行程,负责找餐厅,负责拍照记录,社交友情,
第一次接触共同旅行分工，大家最可能先选？,负责拍照记录,负责规划行程,负责找餐厅,社交友情,
说到共同旅行分工，我还想加一个选项：______。,,,,社交友情,写下一个具体、第一时间想到的答案
如果今天就要体验生日惊喜，你会先选？,秘密派对,手写长信,,社交友情,
给生日惊喜安排一个优先项，你会选？,秘密派对,手写长信,突然出现的礼物,社交友情,
如果为生日惊喜投票，哪一个最可能获胜？,突然出现的礼物,秘密派对,手写长信,社交友情,
如果由我设计生日惊喜，最不能少的是 ______。,,,,社交友情,写下一个具体、第一时间想到的答案
在朋友意见相反这件事上，你更看重？,继续讲道理,先找共同点,,社交友情,
如果大家一起体验朋友意见相反，你最想负责哪一项？,继续讲道理,先找共同点,换个话题,社交友情,
在朋友意见相反的三个选项中，哪个最受欢迎？,换个话题,继续讲道理,先找共同点,社交友情,
体验朋友意见相反之前，我最想准备 ______。,,,,社交友情,写下一个具体、第一时间想到的答案
如果朋友邀请你尝试多年好友重逢，你会选？,聊以前的故事,聊现在的生活,,社交友情,
把多年好友重逢变成周末活动，你最期待？,聊以前的故事,聊现在的生活,立刻安排一次旅行,社交友情,
朋友临时提出多年好友重逢，多数人会答应哪一个？,立刻安排一次旅行,聊以前的故事,聊现在的生活,社交友情,
关于多年好友重逢，我第一个想到的是 ______。,,,,社交友情,写下一个具体、第一时间想到的答案
关于认识新朋友，哪一个更吸引你？,从兴趣开始聊,从工作学习开始聊,,社交友情,
讨论认识新朋友时，哪一个最容易成为多数答案？,从兴趣开始聊,从工作学习开始聊,从美食开始聊,社交友情,
只能把认识新朋友的一项带走，你会带走？,从美食开始聊,从兴趣开始聊,从工作学习开始聊,社交友情,
如果把认识新朋友拍成电影，片名会是《______》。,,,,社交友情,写下一个具体、第一时间想到的答案
聊到第一次约会，你更偏向？,一起吃饭,散步聊天,,恋爱关系,
关于第一次约会，如果只能选一个，你会选？,一起吃饭,散步聊天,去看展览,恋爱关系,
第一次接触第一次约会，大家最可能先选？,去看展览,一起吃饭,散步聊天,恋爱关系,
说到第一次约会，我还想加一个选项：______。,,,,恋爱关系,写下一个具体、第一时间想到的答案
如果今天就要体验纪念日安排，你会先选？,重走熟悉地点,尝试全新活动,,恋爱关系,
给纪念日安排安排一个优先项，你会选？,重走熟悉地点,尝试全新活动,在家认真做顿饭,恋爱关系,
如果为纪念日安排投票，哪一个最可能获胜？,在家认真做顿饭,重走熟悉地点,尝试全新活动,恋爱关系,
如果由我设计纪念日安排，最不能少的是 ______。,,,,恋爱关系,写下一个具体、第一时间想到的答案
在收到对方礼物这件事上，你更看重？,实用的东西,亲手做的东西,,恋爱关系,
如果大家一起体验收到对方礼物，你最想负责哪一项？,实用的东西,亲手做的东西,一起体验的行程,恋爱关系,
在收到对方礼物的三个选项中，哪个最受欢迎？,一起体验的行程,实用的东西,亲手做的东西,恋爱关系,
体验收到对方礼物之前，我最想准备 ______。,,,,恋爱关系,写下一个具体、第一时间想到的答案
如果朋友邀请你尝试两个人发生争执，你会选？,当场说清楚,冷静后再谈,,恋爱关系,
把两个人发生争执变成周末活动，你最期待？,当场说清楚,冷静后再谈,先用美食和解,恋爱关系,
朋友临时提出两个人发生争执，多数人会答应哪一个？,先用美食和解,当场说清楚,冷静后再谈,恋爱关系,
关于两个人发生争执，我第一个想到的是 ______。,,,,恋爱关系,写下一个具体、第一时间想到的答案
关于异地相处，哪一个更吸引你？,每天视频,固定周末见面,,恋爱关系,
讨论异地相处时，哪一个最容易成为多数答案？,每天视频,固定周末见面,随时分享生活小事,恋爱关系,
只能把异地相处的一项带走，你会带走？,随时分享生活小事,每天视频,固定周末见面,恋爱关系,
如果把异地相处拍成电影，片名会是《______》。,,,,恋爱关系,写下一个具体、第一时间想到的答案
聊到公开恋情，你更偏向？,马上告诉朋友,稳定后再说,,恋爱关系,
关于公开恋情，如果只能选一个，你会选？,马上告诉朋友,稳定后再说,一直保持低调,恋爱关系,
第一次接触公开恋情，大家最可能先选？,一直保持低调,马上告诉朋友,稳定后再说,恋爱关系,
说到公开恋情，我还想加一个选项：______。,,,,恋爱关系,写下一个具体、第一时间想到的答案
如果今天就要体验情侣旅行，你会先选？,详细规划,随走随停,,恋爱关系,
给情侣旅行安排一个优先项，你会选？,详细规划,随走随停,一人一天做决定,恋爱关系,
如果为情侣旅行投票，哪一个最可能获胜？,一人一天做决定,详细规划,随走随停,恋爱关系,
如果由我设计情侣旅行，最不能少的是 ______。,,,,恋爱关系,写下一个具体、第一时间想到的答案
在浪漫表达这件事上，你更看重？,直接说出来,用行动表现,,恋爱关系,
如果大家一起体验浪漫表达，你最想负责哪一项？,直接说出来,用行动表现,准备意外惊喜,恋爱关系,
在浪漫表达的三个选项中，哪个最受欢迎？,准备意外惊喜,直接说出来,用行动表现,恋爱关系,
体验浪漫表达之前，我最想准备 ______。,,,,恋爱关系,写下一个具体、第一时间想到的答案
如果朋友邀请你尝试共同生活，你会选？,一起做家务,明确分工,,恋爱关系,
把共同生活变成周末活动，你最期待？,一起做家务,明确分工,谁有空谁来做,恋爱关系,
朋友临时提出共同生活，多数人会答应哪一个？,谁有空谁来做,一起做家务,明确分工,恋爱关系,
关于共同生活，我第一个想到的是 ______。,,,,恋爱关系,写下一个具体、第一时间想到的答案
关于理想伴侣特质，哪一个更吸引你？,幽默有趣,可靠稳重,,恋爱关系,
讨论理想伴侣特质时，哪一个最容易成为多数答案？,幽默有趣,可靠稳重,温柔体贴,恋爱关系,
只能把理想伴侣特质的一项带走，你会带走？,温柔体贴,幽默有趣,可靠稳重,恋爱关系,
如果把理想伴侣特质拍成电影，片名会是《______》。,,,,恋爱关系,写下一个具体、第一时间想到的答案
聊到穿越到古代城市，你更偏向？,先逛热闹市集,先看宫殿建筑,,历史文化,
关于穿越到古代城市，如果只能选一个，你会选？,先逛热闹市集,先看宫殿建筑,先找当地美食,历史文化,
第一次接触穿越到古代城市，大家最可能先选？,先找当地美食,先逛热闹市集,先看宫殿建筑,历史文化,
说到穿越到古代城市，我还想加一个选项：______。,,,,历史文化,写下一个具体、第一时间想到的答案
如果今天就要体验参观博物馆，你会先选？,先看镇馆之宝,先看互动展区,,历史文化,
给参观博物馆安排一个优先项，你会选？,先看镇馆之宝,先看互动展区,跟着讲解慢慢看,历史文化,
如果为参观博物馆投票，哪一个最可能获胜？,跟着讲解慢慢看,先看镇馆之宝,先看互动展区,历史文化,
如果由我设计参观博物馆，最不能少的是 ______。,,,,历史文化,写下一个具体、第一时间想到的答案
在体验传统节日这件事上，你更看重？,参加仪式,品尝节日食物,,历史文化,
如果大家一起体验体验传统节日，你最想负责哪一项？,参加仪式,品尝节日食物,学习传统手艺,历史文化,
在体验传统节日的三个选项中，哪个最受欢迎？,学习传统手艺,参加仪式,品尝节日食物,历史文化,
体验体验传统节日之前，我最想准备 ______。,,,,历史文化,写下一个具体、第一时间想到的答案
如果朋友邀请你尝试和历史人物见面，你会选？,问他重大决定,聊日常生活,,历史文化,
把和历史人物见面变成周末活动，你最期待？,问他重大决定,聊日常生活,带他看看现代世界,历史文化,
朋友临时提出和历史人物见面，多数人会答应哪一个？,带他看看现代世界,问他重大决定,聊日常生活,历史文化,
关于和历史人物见面，我第一个想到的是 ______。,,,,历史文化,写下一个具体、第一时间想到的答案
关于古代交通工具，哪一个更吸引你？,骑马,坐马车,,历史文化,
讨论古代交通工具时，哪一个最容易成为多数答案？,骑马,坐马车,乘帆船,历史文化,
只能把古代交通工具的一项带走，你会带走？,乘帆船,骑马,坐马车,历史文化,
如果把古代交通工具拍成电影，片名会是《______》。,,,,历史文化,写下一个具体、第一时间想到的答案
聊到传统艺术，你更偏向？,书法,戏曲,,历史文化,
关于传统艺术，如果只能选一个，你会选？,书法,戏曲,陶艺,历史文化,
第一次接触传统艺术，大家最可能先选？,陶艺,书法,戏曲,历史文化,
说到传统艺术，我还想加一个选项：______。,,,,历史文化,写下一个具体、第一时间想到的答案
如果今天就要体验修复一座古建筑，你会先选？,保持原貌,加入现代设施,,历史文化,
给修复一座古建筑安排一个优先项，你会选？,保持原貌,加入现代设施,改造成公共空间,历史文化,
如果为修复一座古建筑投票，哪一个最可能获胜？,改造成公共空间,保持原貌,加入现代设施,历史文化,
如果由我设计修复一座古建筑，最不能少的是 ______。,,,,历史文化,写下一个具体、第一时间想到的答案
在研究一段历史这件事上，你更看重？,看当事人书信,看城市地图,,历史文化,
如果大家一起体验研究一段历史，你最想负责哪一项？,看当事人书信,看城市地图,看普通人的生活记录,历史文化,
在研究一段历史的三个选项中，哪个最受欢迎？,看普通人的生活记录,看当事人书信,看城市地图,历史文化,
体验研究一段历史之前，我最想准备 ______。,,,,历史文化,写下一个具体、第一时间想到的答案
如果朋友邀请你尝试参加古代宴会，你会选？,坐在主人旁边,坐在乐师旁边,,历史文化,
把参加古代宴会变成周末活动，你最期待？,坐在主人旁边,坐在乐师旁边,坐在厨师旁边,历史文化,
朋友临时提出参加古代宴会，多数人会答应哪一个？,坐在厨师旁边,坐在主人旁边,坐在乐师旁边,历史文化,
关于参加古代宴会，我第一个想到的是 ______。,,,,历史文化,写下一个具体、第一时间想到的答案
关于收藏一件老物件，哪一个更吸引你？,旧相机,老唱片,,历史文化,
讨论收藏一件老物件时，哪一个最容易成为多数答案？,旧相机,老唱片,手写信,历史文化,
只能把收藏一件老物件的一项带走，你会带走？,手写信,旧相机,老唱片,历史文化,
如果把收藏一件老物件拍成电影，片名会是《______》。,,,,历史文化,写下一个具体、第一时间想到的答案
聊到在森林里露营，你更偏向？,靠近河边,靠近大树,,动物自然,
关于在森林里露营，如果只能选一个，你会选？,靠近河边,靠近大树,靠近开阔草地,动物自然,
第一次接触在森林里露营，大家最可能先选？,靠近开阔草地,靠近河边,靠近大树,动物自然,
说到在森林里露营，我还想加一个选项：______。,,,,动物自然,写下一个具体、第一时间想到的答案
如果今天就要体验观察野生动物，你会先选？,远距离望远镜,隐藏起来等待,,动物自然,
给观察野生动物安排一个优先项，你会选？,远距离望远镜,隐藏起来等待,跟着专业向导,动物自然,
如果为观察野生动物投票，哪一个最可能获胜？,跟着专业向导,远距离望远镜,隐藏起来等待,动物自然,
如果由我设计观察野生动物，最不能少的是 ______。,,,,动物自然,写下一个具体、第一时间想到的答案
在拥有会说话的宠物这件事上，你更看重？,听它吐槽主人,问它每天在想什么,,动物自然,
如果大家一起体验拥有会说话的宠物，你最想负责哪一项？,听它吐槽主人,问它每天在想什么,让它帮忙交朋友,动物自然,
在拥有会说话的宠物的三个选项中，哪个最受欢迎？,让它帮忙交朋友,听它吐槽主人,问它每天在想什么,动物自然,
体验拥有会说话的宠物之前，我最想准备 ______。,,,,动物自然,写下一个具体、第一时间想到的答案
如果朋友邀请你尝试海洋探险，你会选？,看珊瑚礁,追踪鲸鱼,,动物自然,
把海洋探险变成周末活动，你最期待？,看珊瑚礁,追踪鲸鱼,探索沉船,动物自然,
朋友临时提出海洋探险，多数人会答应哪一个？,探索沉船,看珊瑚礁,追踪鲸鱼,动物自然,
关于海洋探险，我第一个想到的是 ______。,,,,动物自然,写下一个具体、第一时间想到的答案
关于住在动物园一天，哪一个更吸引你？,照顾大象,给企鹅喂食,,动物自然,
讨论住在动物园一天时，哪一个最容易成为多数答案？,照顾大象,给企鹅喂食,陪猴子玩,动物自然,
只能把住在动物园一天的一项带走，你会带走？,陪猴子玩,照顾大象,给企鹅喂食,动物自然,
如果把住在动物园一天拍成电影，片名会是《______》。,,,,动物自然,写下一个具体、第一时间想到的答案
聊到遇到突然下雪，你更偏向？,堆雪人,拍雪景,,动物自然,
关于遇到突然下雪，如果只能选一个，你会选？,堆雪人,拍雪景,躲进屋里喝热饮,动物自然,
第一次接触遇到突然下雪，大家最可能先选？,躲进屋里喝热饮,堆雪人,拍雪景,动物自然,
说到遇到突然下雪，我还想加一个选项：______。,,,,动物自然,写下一个具体、第一时间想到的答案
如果今天就要体验种一个小花园，你会先选？,种可以吃的菜,种香味植物,,动物自然,
给种一个小花园安排一个优先项，你会选？,种可以吃的菜,种香味植物,种颜色丰富的花,动物自然,
如果为种一个小花园投票，哪一个最可能获胜？,种颜色丰富的花,种可以吃的菜,种香味植物,动物自然,
如果由我设计种一个小花园，最不能少的是 ______。,,,,动物自然,写下一个具体、第一时间想到的答案
在保护一种环境这件事上，你更看重？,热带雨林,极地冰川,,动物自然,
如果大家一起体验保护一种环境，你最想负责哪一项？,热带雨林,极地冰川,海洋生态,动物自然,
在保护一种环境的三个选项中，哪个最受欢迎？,海洋生态,热带雨林,极地冰川,动物自然,
体验保护一种环境之前，我最想准备 ______。,,,,动物自然,写下一个具体、第一时间想到的答案
如果朋友邀请你尝试成为一种鸟，你会选？,飞得最高的,唱歌最好听的,,动物自然,
把成为一种鸟变成周末活动，你最期待？,飞得最高的,唱歌最好听的,迁徙最远的,动物自然,
朋友临时提出成为一种鸟，多数人会答应哪一个？,迁徙最远的,飞得最高的,唱歌最好听的,动物自然,
关于成为一种鸟，我第一个想到的是 ______。,,,,动物自然,写下一个具体、第一时间想到的答案
关于看一场自然奇观，哪一个更吸引你？,极光,流星雨,,动物自然,
讨论看一场自然奇观时，哪一个最容易成为多数答案？,极光,流星雨,火山喷发,动物自然,
只能把看一场自然奇观的一项带走，你会带走？,火山喷发,极光,流星雨,动物自然,
如果把看一场自然奇观拍成电影，片名会是《______》。,,,,动物自然,写下一个具体、第一时间想到的答案
聊到小组报告分工，你更偏向？,负责上台讲,负责做幻灯片,,职场校园,
关于小组报告分工，如果只能选一个，你会选？,负责上台讲,负责做幻灯片,负责搜集资料,职场校园,
第一次接触小组报告分工，大家最可能先选？,负责搜集资料,负责上台讲,负责做幻灯片,职场校园,
说到小组报告分工，我还想加一个选项：______。,,,,职场校园,写下一个具体、第一时间想到的答案
如果今天就要体验遇到临时任务，你会先选？,马上开始做,先重新排优先级,,职场校园,
给遇到临时任务安排一个优先项，你会选？,马上开始做,先重新排优先级,找人一起合作,职场校园,
如果为遇到临时任务投票，哪一个最可能获胜？,找人一起合作,马上开始做,先重新排优先级,职场校园,
如果由我设计遇到临时任务，最不能少的是 ______。,,,,职场校园,写下一个具体、第一时间想到的答案
在选择办公位置这件事上，你更看重？,靠窗,靠咖啡机,,职场校园,
如果大家一起体验选择办公位置，你最想负责哪一项？,靠窗,靠咖啡机,靠熟悉同事,职场校园,
在选择办公位置的三个选项中，哪个最受欢迎？,靠熟悉同事,靠窗,靠咖啡机,职场校园,
体验选择办公位置之前，我最想准备 ______。,,,,职场校园,写下一个具体、第一时间想到的答案
如果朋友邀请你尝试上课突然被点名，你会选？,凭印象回答,诚实说不知道,,职场校园,
把上课突然被点名变成周末活动，你最期待？,凭印象回答,诚实说不知道,先反问确认题目,职场校园,
朋友临时提出上课突然被点名，多数人会答应哪一个？,先反问确认题目,凭印象回答,诚实说不知道,职场校园,
关于上课突然被点名，我第一个想到的是 ______。,,,,职场校园,写下一个具体、第一时间想到的答案
关于团队庆功，哪一个更吸引你？,一起吃大餐,提早下班,,职场校园,
讨论团队庆功时，哪一个最容易成为多数答案？,一起吃大餐,提早下班,安排团体活动,职场校园,
只能把团队庆功的一项带走，你会带走？,安排团体活动,一起吃大餐,提早下班,职场校园,
如果把团队庆功拍成电影，片名会是《______》。,,,,职场校园,写下一个具体、第一时间想到的答案
聊到学习新技能，你更偏向？,报名正式课程,跟着视频自学,,职场校园,
关于学习新技能，如果只能选一个，你会选？,报名正式课程,跟着视频自学,直接做项目练习,职场校园,
第一次接触学习新技能，大家最可能先选？,直接做项目练习,报名正式课程,跟着视频自学,职场校园,
说到学习新技能，我还想加一个选项：______。,,,,职场校园,写下一个具体、第一时间想到的答案
如果今天就要体验面对公开演讲，你会先选？,提前背熟,只准备提纲,,职场校园,
给面对公开演讲安排一个优先项，你会选？,提前背熟,只准备提纲,现场自由发挥,职场校园,
如果为面对公开演讲投票，哪一个最可能获胜？,现场自由发挥,提前背熟,只准备提纲,职场校园,
如果由我设计面对公开演讲，最不能少的是 ______。,,,,职场校园,写下一个具体、第一时间想到的答案
在收到工作建议这件事上，你更看重？,马上尝试,先判断是否适合,,职场校园,
如果大家一起体验收到工作建议，你最想负责哪一项？,马上尝试,先判断是否适合,找朋友讨论,职场校园,
在收到工作建议的三个选项中，哪个最受欢迎？,找朋友讨论,马上尝试,先判断是否适合,职场校园,
体验收到工作建议之前，我最想准备 ______。,,,,职场校园,写下一个具体、第一时间想到的答案
如果朋友邀请你尝试午休时间，你会选？,睡一会儿,出门散步,,职场校园,
把午休时间变成周末活动，你最期待？,睡一会儿,出门散步,和同事聊天,职场校园,
朋友临时提出午休时间，多数人会答应哪一个？,和同事聊天,睡一会儿,出门散步,职场校园,
关于午休时间，我第一个想到的是 ______。,,,,职场校园,写下一个具体、第一时间想到的答案
关于理想课堂，哪一个更吸引你？,更多讨论,更多实践,,职场校园,
讨论理想课堂时，哪一个最容易成为多数答案？,更多讨论,更多实践,更多自由时间,职场校园,
只能把理想课堂的一项带走，你会带走？,更多自由时间,更多讨论,更多实践,职场校园,
如果把理想课堂拍成电影，片名会是《______》。,,,,职场校园,写下一个具体、第一时间想到的答案
聊到家里突然多一扇门，你更偏向？,通往海边,通往朋友家,,奇妙生活,
关于家里突然多一扇门，如果只能选一个，你会选？,通往海边,通往朋友家,通往十年后的家,奇妙生活,
第一次接触家里突然多一扇门，大家最可能先选？,通往十年后的家,通往海边,通往朋友家,奇妙生活,
说到家里突然多一扇门，我还想加一个选项：______。,,,,奇妙生活,写下一个具体、第一时间想到的答案
如果今天就要体验每天多出一小时，你会先选？,用来睡觉,学习新东西,,奇妙生活,
给每天多出一小时安排一个优先项，你会选？,用来睡觉,学习新东西,纯粹发呆,奇妙生活,
如果为每天多出一小时投票，哪一个最可能获胜？,纯粹发呆,用来睡觉,学习新东西,奇妙生活,
如果由我设计每天多出一小时，最不能少的是 ______。,,,,奇妙生活,写下一个具体、第一时间想到的答案
在城市停电一晚这件事上，你更看重？,点蜡烛聊天,去户外看星星,,奇妙生活,
如果大家一起体验城市停电一晚，你最想负责哪一项？,点蜡烛聊天,去户外看星星,提前睡觉,奇妙生活,
在城市停电一晚的三个选项中，哪个最受欢迎？,提前睡觉,点蜡烛聊天,去户外看星星,奇妙生活,
体验城市停电一晚之前，我最想准备 ______。,,,,奇妙生活,写下一个具体、第一时间想到的答案
如果朋友邀请你尝试手机能预测一件事，你会选？,明天天气,谁会联系你,,奇妙生活,
把手机能预测一件事变成周末活动，你最期待？,明天天气,谁会联系你,今天会遇到什么好运,奇妙生活,
朋友临时提出手机能预测一件事，多数人会答应哪一个？,今天会遇到什么好运,明天天气,谁会联系你,奇妙生活,
关于手机能预测一件事，我第一个想到的是 ______。,,,,奇妙生活,写下一个具体、第一时间想到的答案
关于家具有了性格，哪一个更吸引你？,爱聊天的冰箱,催你睡觉的床,,奇妙生活,
讨论家具有了性格时，哪一个最容易成为多数答案？,爱聊天的冰箱,催你睡觉的床,会抱怨的沙发,奇妙生活,
只能把家具有了性格的一项带走，你会带走？,会抱怨的沙发,爱聊天的冰箱,催你睡觉的床,奇妙生活,
如果把家具有了性格拍成电影，片名会是《______》。,,,,奇妙生活,写下一个具体、第一时间想到的答案
聊到一整天不能说话，你更偏向？,用纸笔交流,只发表情包,,奇妙生活,
关于一整天不能说话，如果只能选一个，你会选？,用纸笔交流,只发表情包,尽量避开所有人,奇妙生活,
第一次接触一整天不能说话，大家最可能先选？,尽量避开所有人,用纸笔交流,只发表情包,奇妙生活,
说到一整天不能说话，我还想加一个选项：______。,,,,奇妙生活,写下一个具体、第一时间想到的答案
如果今天就要体验梦可以录下来，你会先选？,自己反复看,分享给朋友,,奇妙生活,
给梦可以录下来安排一个优先项，你会选？,自己反复看,分享给朋友,立刻删除,奇妙生活,
如果为梦可以录下来投票，哪一个最可能获胜？,立刻删除,自己反复看,分享给朋友,奇妙生活,
如果由我设计梦可以录下来，最不能少的是 ______。,,,,奇妙生活,写下一个具体、第一时间想到的答案
在影子有自己的生活这件事上，你更看重？,让它替你排队,跟它交换一天,,奇妙生活,
如果大家一起体验影子有自己的生活，你最想负责哪一项？,让它替你排队,跟它交换一天,假装没有发现,奇妙生活,
在影子有自己的生活的三个选项中，哪个最受欢迎？,假装没有发现,让它替你排队,跟它交换一天,奇妙生活,
体验影子有自己的生活之前，我最想准备 ______。,,,,奇妙生活,写下一个具体、第一时间想到的答案
如果朋友邀请你尝试周末只能做一件事，你会选？,彻底休息,完成一直拖延的事,,奇妙生活,
把周末只能做一件事变成周末活动，你最期待？,彻底休息,完成一直拖延的事,临时去旅行,奇妙生活,
朋友临时提出周末只能做一件事，多数人会答应哪一个？,临时去旅行,彻底休息,完成一直拖延的事,奇妙生活,
关于周末只能做一件事，我第一个想到的是 ______。,,,,奇妙生活,写下一个具体、第一时间想到的答案
关于收到未来的包裹，哪一个更吸引你？,马上打开,先查寄件人,,奇妙生活,
讨论收到未来的包裹时，哪一个最容易成为多数答案？,马上打开,先查寄件人,等朋友一起来拆,奇妙生活,
只能把收到未来的包裹的一项带走，你会带走？,等朋友一起来拆,马上打开,先查寄件人,奇妙生活,
如果把收到未来的包裹拍成电影，片名会是《______》。,,,,奇妙生活,写下一个具体、第一时间想到的答案
